Sub,mm2_r,mm2_z
1_1,0.777569781949734,1.03919449685645
10_1,0.840581729963586,1.22315279044663
100_1,0.749681090890584,0.972226537583571
101_1,0.789503721232718,1.07011281739236
102_1,0.762183717382327,1.00140530682029
103_1,0.736681701663715,0.943183971596141
104_1,0.775721416119207,1.03453654689382
105_1,0.827584973828749,1.18042308732632
106_1,0.802923430590273,1.10678621204545
107_1,0.80993741216399,1.12684705858342
108_1,0.881405562690444,1.38203241685039
109_1,0.71545688527513,0.898274970919139
110_1,0.826689281027733,1.17758721219697
111_1,0.78417451526289506,1.05612049536022
112_1,0.781920749757616,1.05029430222708
113_1,0.74050977097937,0.951607136165289
114_1,0.719115476443338,0.90581077148766
115_1,0.58865929488218,0.67561194571464
116_1,0.683138115855532,0.834974636934264
117_1,0.862656764706987,1.30363797797576
118_1,0.826405312204555,1.17669090113787
119_1,0.783698995190378,1.05488679792133
12_1,0.602154185069236,0.696519918902118
120_1,0.617946725147544,0.721676554434034
121_1,0.77620315670893,1.03574730815745
122_1,0.77639115734353,1.03622042914514
123_1,0.753723756641481,0.981521410388878
124_1,0.679325330966179,0.827860142967608
125_1,0.77138866090709,1.02374785984459
126_1,0.789916418695259,1.07120937326562
127_1,0.626822443264623,0.736164820048073
128_1,0.581703452527849,0.665033527530443
129_1,0.664462712072522,0.800762281642831
13_1,0.561906420802218,0.635614940027224
130_1,0.644718484983144,0.766207019770543
131_1,0.745335278232706,0.962377044636942
132_1,0.831531545047287,1.19307964219023
133_1,0.646097460120269,0.768570512804634
134_1,0.774164917569202,1.03064005654619
135_1,0.701942264421188,0.871119087534312
136_1,0.7235860215055,0.915131315806271
137_1,0.82552942735434,1.17393461591964
138_1,0.765252382075766,1.00876899053656
139_1,0.600669537060187,0.694193989671266
14_1,0.449339921824392,0.483872902335278
140_1,0.76920659094264,1.01838174704254
141_1,0.832637842941404,1.19667579132716
142_1,0.748043936364623,0.968498984731158
143_1,0.803650738918329,1.10883653021478
144_1,0.784985778257277,1.05823077661928
145_1,0.792713732087684,1.07869251378556
146_1,0.818369070444678,1.15185924728993
147_1,0.757468582128731,0.990249243425743
148_1,0.748118196505936,0.968667614170457
149_1,0.764725280112224,1.0074982282104
15_1,0.650883961755913,0.77683090154585
150_1,0.770748078195293,1.02216794260884
151_1,0.735182958664885,0.939914480507048
152_1,0.616204081698539,0.718862285366211
153_1,0.595802670121858,0.686614465542845
154_1,0.684629061914655,0.837775575005426
155_1,0.709261502089591,0.885696227771014
156_1,0.872411065245789,1.34308428507217
157_1,0.855560731031347,1.27654153749442
158_1,0.735607126789972,0.940838203558855
159_1,0.682676630615004,0.83410984521218
16_1,0.872457241033572,1.34327760354131
160_1,0.733540996608855,0.936350508058964
161_1,0.839488646335971,1.21943911148554
162_1,0.860288989388868,1.29445552300326
163_1,0.780896902663394,1.04766500557357
164_1,0.794064037220861,1.08233673851625
165_1,0.798942654031853,1.09568209308506
166_1,0.736135762186797,0.941991188010332
167_1,0.783536398358935,1.05446550070994
168_1,0.797060498448193,1.09049981993215
169_1,0.82369239094326,1.16819413145707
17_1,0.794146844984731,1.08256090889691
170_1,0.74892906607392,0.970511706429573
171_1,0.688223636554867,0.844573002761833
172_1,0.760652677525296,0.997762064833936
173_1,0.751432532921133,0.976237508154362
174_1,0.8349250313439,1.20417958929837
175_1,0.850667093297221,1.25856167860239
176_1,0.644658181546452,0.766103827068456
177_1,0.615385664293095,0.717543950889587
178_1,0.649349979532124,0.774173952061179
179_1,0.797151945930454,1.09075062094328
18_1,0.562278897088038,0.636159454756171
180_1,0.714311910251995,0.89593322008851
181_1,0.713461985913092,0.894199972120691
182_1,0.885220515451706,1.39939365773708
183_1,0.795159104549125,1.0853076882882
184_1,0.84388646919388,1.23452366520085
185_1,0.691339753101432,0.850517549895813
186_1,0.855026318814614,1.2745509730508
187_1,0.862358965723426,1.30247506451177
188_1,0.807525101998501,1.11987404819651
189_1,0.813021904556636,1.13587940964725
19_1,0.832266476354597,1.19546621992668
190_1,0.86485865258016,1.31230964554115
191_1,0.821785843577984,1.16229328931471
192_1,0.676396494767183,0.822441404000878
193_1,0.73564692240346,0.940924932040311
194_1,0.660739288481145,0.794124632191943
195_1,0.737164600671218,0.944240772519443
196_1,0.666482154619452,0.804386908040125
197_1,0.876723422002924,1.36142612099258
198_1,0.79093856642866,1.07393347544936
199_1,0.741362167183506,0.953497093204668
2_1,0.817532109790613,1.14933033138858
20_1,0.77388782975395,1.02994886303931
200_1,0.846586196453349,1.24397752265214
201_1,0.753679072238772,0.981417958508694
202_1,0.840853919485608,1.22408115190976
203_1,0.813443566050083,1.1371245256092
204_1,0.768035600077466,1.01552023375159
205_1,0.68332792678534,0.835330626347634
206_1,0.803295143160238,1.10783324435123
207_1,0.561410521290816,0.634890512344256
209_1,0.847226995181827,1.24624384047802
21_1,0.691833122988452,0.851463231749705
210_1,0.665879973360886,0.803304242856583
211_1,0.828832809312372,1.18439621553389
212_1,0.811198648447834,1.13052436472934
213_1,0.819841230237309,1.15633301189303
214_1,0.846228547212927,1.242716393424
215_1,0.559417676320736,0.631985215665599
216_1,0.557932882511282,0.629826713084995
217_1,0.838056510850412,1.21460830315741
218_1,0.856974872672297,1.28184184985935
219_1,0.790978442763687,1.07403998712332
22_1,0.761967141481645,1.00088871637875
220_1,0.790925721078229,1.07389916870081
221_1,0.665497339884711,0.802617114198259
222_1,0.673997707278233,0.81803273360543
223_1,0.72428915027916,0.916608743563052
224_1,0.807870778628224,1.1208684463881
225_1,0.735094873598367,0.939722812384944
226_1,0.654487276547648,0.783108484195884
227_1,0.697793060500683,0.862986237052749
228_1,0.807045697763042,1.1184975973383
229_1,0.775851323207075,1.0348628191374
23_1,0.634499700333359,0.748912471877482
230_1,0.77321872847319,1.02828283668835
231_1,0.775239001825887,1.03332636723025
232_1,0.767649134831993,1.01457859563738
233_1,0.85030810977058,1.25726416677656
234_1,0.722206371378732,0.912241513442292
235_1,0.788955295155683,1.06865855606418
236_1,0.831200877563299,1.19200893227657
237_1,0.802903951333089,1.10673139179706
238_1,0.678796949513981,0.826879617606203
239_1,0.7966535480885,1.08938494478608
24_1,0.734636447984258,0.93872617507987
240_1,0.744112435961776,0.959631463763193
241_1,0.794574212579836,1.08371911418534
242_1,0.67795571294184,0.825321210190026
243_1,0.648434799184774,0.772593161502905
244_1,0.76010700655354,0.996468461042659
245_1,0.219615550406582,0.223252141548942
246_1,0.815842192854748,1.1442558098048
247_1,0.824712486877047,1.17137507712516
248_1,0.821188655209643,1.16045668190504
249_1,0.806165811909935,1.1159792242097
25_1,0.848227847422989,1.24980106931901
250_1,0.436713270514802,0.468162272837334
251_1,0.697896987591651,0.863188819110337
252_1,0.756276851950917,0.987459240186233
253_1,0.758237279236327,0.992055143907177
254_1,0.742933215604574,0.95699440820665
255_1,0.776098382205949,1.03548378415246
256_1,0.795465085295296,1.08614033742129
258_1,0.619665258986766,0.724461507129556
259_1,0.818919228454752,1.15352729490396
26_1,0.711164397479018,0.889535837558302
260_1,0.677523876970901,0.824522503016197
261_1,0.793345655770311,1.08039533640657
262_1,0.662483387934833,0.797226525112667
263_1,0.75078715810762,0.974756726179863
264_1,0.835783342715249,1.2070199610956
265_1,0.828939311774639,1.18473653565068
266_1,-0.0685274057429733,-0.0686349773545349
267_1,0.798491332553763,1.09443552438847
268_1,0.690559860068875,0.849025183365725
269_1,0.78073757616009,1.04725681563261
27_1,0.635394664481076,0.750411971585847
270_1,0.562834402266491,0.636972155332783
271_1,0.604458383349923,0.70014275783668
272_1,0.773732927096815,1.02956278151696
273_1,0.731121240897247,0.931132012667164
274_1,0.807255687921205,1.11910013823297
275_1,0.755399244265437,0.985412143357265
276_1,0.757651685547808,0.99067896013717
277_1,0.803777417055172,1.10919433391999
278_1,0.834531573761492,1.2028820280724
279_1,0.619482742433094,0.724165275600607
28_1,0.730997520268987,0.930866262371231
280_1,0.828052939359646,1.18191003469725
281_1,0.823652836348937,1.16807112432587
282_1,0.762395053430262,1.00190979129629
283_1,0.819086476773028,1.15403528667512
284_1,0.788215088692117,1.06670102692093
285_1,0.733909582859207,0.937148923607007
286_1,0.67957557499306,0.828324980701514
287_1,0.704261776094163,0.875706317862315
288_1,0.866465884456155,1.31872251401642
289_1,0.734899450087352,0.939297774604654
29_1,0.76659915177952,1.01202712006493
290_1,0.78315866898867,1.05348785560507
291_1,0.76360706984425,1.00481054171339
292_1,0.638795798759649,0.75613676462278
293_1,0.711643902066395,0.890506683209466
294_1,0.793001357378077,1.07946699739299
295_1,0.736411622092493,0.942593632419336
296_1,0.762031003304476,1.0010410013297
297_1,0.688710491412799,0.845498559445562
298_1,0.719676309142535,0.906973192745239
299_1,0.786784492794579,1.06293474277514
3_1,0.87082584381181,1.33648684911496
30_1,0.724696045593036,0.917465166224432
300_1,0.786566777448857,1.06236352344061
301_1,0.758977506854042,0.99379884775117
302_1,0.862512084528114,1.3030727064014
303_1,0.703232887638486,0.873667862484626
305_1,0.804413345701275,1.11099363799471
307_1,0.738063369341635,0.946212079720784
308_1,0.768895841803088,1.01762115127016
309_1,0.761491211475318,0.99975492486576
31_1,0.536442942043915,0.599147883023303
310_1,0.796732621993309,1.08960141948479
312_1,0.704494864099194,0.876168930680584
313_1,0.777138593170836,1.0381048668404
314_1,0.77187944036567,1.02496091670439
315_1,0.763376914526077,1.00425871629276
316_1,0.468831016655487,0.508570964988995
317_1,0.783451364807426,1.05424528488458
318_1,0.778933719046565,1.04265342959044
319_1,0.771423815865124,1.02383467669787
32_1,0.83230044459441,1.19557675611636
320_1,0.762195028770511,1.0014322986342
322_1,0.853134165493205,1.26755707427329
323_1,0.649125962014421,0.773786706816057
324_1,0.696893600111542,0.861235332918785
325_1,0.773290215332649,1.02846063041252
326_1,0.665405755800801,0.802452741766387
327_1,0.698609871226846,0.864579969156579
328_1,0.807605248768995,1.12010446195008
329_1,0.750669979786747,0.974488218969996
33_1,0.822403489583101,1.16419866285393
330_1,0.749537256507831,0.971898213104462
331_1,0.765494877110963,1.00935444002156
333_1,0.673302608424674,0.816760113966761
334_1,0.67900021143516,0.827256659276731
335_1,0.729952098083808,0.928624820186441
336_1,0.847127937518651,1.24589293344307
337_1,0.779438792023445,1.0439390323156
339_1,0.790027219562341,1.07150409991283
34_1,0.729572247786681,0.927812214238588
340_1,0.67139939896386,0.813286741641991
341_1,0.841714853675087,1.22702713611077
342_1,0.525696042354571,0.584178814549309
343_1,0.729611913518637,0.927897025276647
344_1,0.787700347266339,1.06534330885017
345_1,0.803669979728129,1.1088908628281
346_1,0.741617007432326,0.954063161886795
347_1,0.854989721225436,1.27441490294962
348_1,0.765147564469942,1.00851609440408
349_1,0.670425406953518,0.811515448406794
35_1,0.806670713068894,1.11742308024124
350_1,0.714671154051951,0.896667116886695
351_1,0.787151492027747,1.06389880178807
352_1,0.526582044501443,0.585403966183795
353_1,0.746971894707765,0.966069325794684
354_1,0.796223392174037,1.08820864507298
355_1,0.518867840659199,0.574789251362905
356_1,0.827095942712181,1.17887310514505
357_1,0.67592400631951,0.821570950517922
359_1,0.665163924662478,0.802018883052195
36_1,0.735485952114379,0.940574189925479
360_1,0.733961903369927,0.937262333891896
361_1,0.723463309806897,0.914873795144961
362_1,0.795736172925739,1.08687895638713
363_1,0.590649313573903,0.678662686240007
364_1,0.666786379412959,0.804934470123426
365_1,0.861171131990672,1.29785960009919
366_1,0.838864866532462,1.21733019431092
367_1,0.794399198577355,1.08324455251906
368_1,0.77855613876478,1.04169402345418
369_1,0.745450993910744,0.962637437357851
37_1,0.529363487570112,0.589260423186132
370_1,0.60797674871864,0.705705418678793
371_1,0.732291525444754,0.933650892626564
372_1,0.709981758930567,0.887147080452969
373_1,0.665711797800854,0.803002157750847
374_1,0.7414022204307,0.95358603076438
375_1,0.634363933761466,0.748685246068538
376_1,0.658981159337527,0.791010603260558
377_1,0.704890661438803,0.876955166306176
378_1,0.797189693145335,1.0908541745239
379_1,0.83039370247174,1.1894032531692
38_1,0.793729620231298,1.0814322432834
380_1,0.801340249737853,1.10234634316645
381_1,0.837750457726266,1.21358099542999
382_1,0.784623009101715,1.05728626692542
383_1,0.76679622538106,1.01250525138583
384_1,0.622786825345944,0.729544867588303
385_1,0.855292025895612,1.27553982452574
386_1,0.760911686782796,0.998376981360162
387_1,0.792342108500204,1.07769325543455
388_1,0.807808890620719,1.12069029747019
389_1,0.795568206025191,1.08642120304683
39_1,0.785102611599214,1.05853526355106
390_1,0.726532533893108,0.921343849806657
391_1,0.637142832010935,0.75334927282193
392_1,0.679484881204161,0.82815647963569206
393_1,0.808169434028173,1.12172886827315
394_1,0.762952265572682,1.00324178720449
395_1,0.729571528015604,0.927810675361487
396_1,0.75126149973379,0.97584475966561
397_1,0.815287395953029,1.14259897676019
398_1,0.791798409865564,1.07623414951361
4_1,0.816803911687737,1.14713852192442
40_1,0.708911560173623,0.88499239719488
400_1,0.620280650304378,0.725461113863834
401_1,0.567131944098369,0.643284739874513
402_1,0.777427516133461,1.03883478177898
403_1,0.810323277554135,1.12796977623717
404_1,0.742448248489739,0.955912882984308
405_1,0.779345359204211,1.04370101601626
406_1,0.75508050562703,0.984670222425154
407_1,0.809587345991063,1.12583026617352
408_1,0.718702011959686,0.904955038801707
409_1,0.862656470997531,1.30363682988191
41_1,0.757408210043679,0.990107620353625
410_1,0.834601227179552,1.20311152944351
411_1,0.755435113381374,0.985495687186871
412_1,0.859264748598613,1.29052795817791
413_1,0.8665539148794,1.31907582199699
414_1,0.752478608507927,0.978644702008579
415_1,0.684851943377459,0.838195211034914
416_1,0.758360948598589,0.992346142661419
417_1,0.663541977501514,0.799115467843765
418_1,0.651612519561335,0.778096032179944
419_1,0.726281483341192,0.920812337837885
420_1,0.755687710398892,0.986084317277844
421_1,0.847975587109049,1.24890246130059
422_1,0.814790255159287,1.14111811968362
423_1,0.689031770936731,0.84610998876211
424_1,0.765956901153308,1.01047134728978
425_1,0.754867588435339,0.984175082475664
426_1,0.625775692803738,0.734442480394805
427_1,0.609895057807749,0.708754244448262
428_1,0.36113105622971,0.378185977282222
43_1,0.746889405100083,0.965882737658271
430_1,0.763140274749399,1.00369182792188
431_1,0.797576524808696,1.09191637338311
432_1,0.708600028957572,0.884366411639254
433_1,0.781026103793237,1.0479962063456
434_1,0.820975151550332,1.15980140988837
435_1,0.871264737722834,1.33830587316583
436_1,0.772068958695089,1.02542995667997
437_1,0.727907835865827,0.924262882292054
438_1,0.809100759925737,1.12441971655682
439_1,0.873219358942904,1.34647772732536
44_1,0.84640227013428,1.24332863236043
440_1,0.826542372649403,1.17712334899613
441_1,0.733975103299424,0.937290949129042
442_1,0.729130383551391,0.926868153827912
443_1,0.81513654583309,1.14214925437918
444_1,0.783074051885049,1.05326905340566
445_1,0.560035899576098,0.632885489444795
446_1,0.831379112090005,1.19258582347474
447_1,0.826855352801851,1.17811201257258
448_1,0.663637122571563,0.799285476342016
449_1,0.848929002732308,1.25230596304878
45_1,0.748237707438389,0.968939088176535
450_1,0.657978764976745,0.789240851076676
451_1,0.787324345804883,1.06435337338454
452_1,0.79145307849144,1.07530914304485
453_1,0.809171582517608,1.12462482188025
454_1,0.819088725665077,1.15404212022963
455_1,0.708932195516333,0.885033881126715
456_1,0.654823807210612,0.78369741541996
457_1,0.862396620120615,1.3026219772316
458_1,0.752679961493553,0.979109050846428
459_1,0.804023788699797,1.10989080311458
46_1,0.739311309243421,0.948958787436222
460_1,0.773880679348886,1.02993103619134
461_1,0.677879266100451,0.825179754049644
462_1,0.780329627603237,1.04621284735417
463_1,0.75694614469587,0.989024695157148
464_1,0.870574492421585,1.33544769664519
465_1,0.745423764608803,0.962576154698609
466_1,0.814905857668076,1.14146215159318
467_1,0.689644132333287,0.847276806933924
468_1,0.784757812080849,1.05763707795561
469_1,0.68167591053079,0.832238063938481
47_1,0.742383931365851,0.955769579743111
470_1,0.739885801635075,0.950226999872685
471_1,0.752217754405547,0.978043617157428
472_1,0.699754614924135,0.866819542446666
473_1,0.579773352107431,0.662121232066681
474_1,0.786834217185245,1.06306527661405
475_1,0.825523838588892,1.17391706909371
476_1,0.70805624898713,0.883275078137003
477_1,0.873017885405633,1.34563000244583
478_1,0.656565413307363,0.786752524026208
479_1,0.746730406260999,0.965523235411199
48_1,0.805427561317328,1.11387409484211
480_1,0.734244635509673,0.937875512875508
481_1,0.686934862861322,0.842128597905394
482_1,0.75186783242725,0.977238146285566
483_1,0.708610026324998,0.884386491556539
484_1,0.816497580902266,1.14621883471156
485_1,0.604871078978962,0.700793306866243
486_1,0.667104289026981,0.805507090514945
487_1,0.70625311881004,0.879668319314638
488_1,0.746916235291003,0.965943420751688
489_1,0.710359401698674,0.887908982826959
49_1,0.731871147246862,0.932745016089693
490_1,0.610762531778114,0.710136676279361
491_1,0.610606099345595,0.709887208493121
492_1,0.444084854119151,0.477307706842612
493_1,0.444152270742026,0.477391688022421
494_1,0.854273528849135,1.27175844520526
495_1,0.593047334269315,0.682353572561068
496_1,0.781711627195664,1.04975638494699
497_1,0.83955499273812,1.21966385980205
498_1,0.718742721008327,0.905039246156602
499_1,0.81316490721502,1.13630139689609
5_1,0.860186294630211,1.29406052977562
50_1,0.669364311141827,0.809590524796948
500_1,0.686095499590725,0.840540989416047
501_1,0.773349266795381,1.02860753315823
502_1,0.7164606021627,0.900334288626637
503_1,0.847136468329514,1.24592314522397
504_1,0.780369133961108,1.04631387246249
505_1,0.82569422388899,1.17445224972725
506_1,0.814194728658186,1.13934888777209
507_1,0.341236634561028,0.355491470120763
508_1,0.789788897936738,1.07087034202602
509_1,0.808968775456414,1.12403766530493
51_1,0.867521409929847,1.32297316671727
510_1,0.761055582579516,0.998718854642656
511_1,0.678461764929932,0.826258286561107
512_1,0.725356412069369,0.918857355314532
513_1,0.55957817799113,0.63221885545291
514_1,0.705506132214246,0.878179508494403
515_1,0.704740587456444,0.876656947771389
516_1,0.776730025572922,1.0370741013285
517_1,0.794894826438973,1.08458940867704
518_1,0.82135586257896,1.16097035711128
519_1,0.772105071116393,1.02551937005674
52_1,0.871544354115818,1.33946777514856
520_1,0.714870311943735,0.897074307152338
521_1,0.633368677841073,0.747021531665445
522_1,0.814431122581431,1.14005057325787
523_1,0.735059070657315,0.939644922646029
524_1,0.631550445458604,0.743991113515222
525_1,0.740794187201794,0.952237163678501
526_1,0.793087053383153,1.07969793358204
527_1,0.823499753584192,1.16759530130968
528_1,0.712826789267796,0.89290741117631
529_1,0.612809139519939,0.713407496867134
53_1,0.806861316925648,1.11796902197258
530_1,0.67910939964428,0.827459278197131
531_1,0.772774552441687,1.02717922816642
532_1,0.733037445615356,0.935261247031285
533_1,0.717689330941347,0.902863563247968
534_1,0.582032790000181,0.665531445284787
535_1,0.705721404605639,0.878608244704378
536_1,0.668454836223366,0.807944594167466
537_1,0.755535027782198,0.985728456418038
538_1,0.711651236347881,0.890521543236841
539_1,0.760925370745282,0.998409484602967
54_1,0.778722362719283,1.04211621072999
540_1,0.794799685501204,1.0843310264667
541_1,0.816065597073057,1.14492424601564
542_1,0.754044843364058,0.982265254864859
543_1,0.801765221928407,1.10353503304745
544_1,0.703445878293085,0.874089364330347
545_1,0.819655222892907,1.15576593849256
546_1,0.77020333642171,1.0208274259006
547_1,0.771769110598148,1.02468801727676
548_1,0.825958663816297,1.1752837940322
549_1,0.634465847107546,0.748855807273075
55_1,0.608954890516148,0.707258594009099
550_1,0.675500259551284,0.820791162896576
551_1,0.788657219979501,1.06786954785405
552_1,0.576074781847182,0.656567826153644
553_1,0.719846291277617,0.907325894004556
554_1,0.75787681523343,0.991207690106178
555_1,0.784090062935727,1.05590121643842
556_1,0.804177362583164,1.11032533683248
557_1,0.633572845518692,0.747362541582006
558_1,0.775251453215869,1.03335757412523
559_1,0.467506201939837,0.506874263603519
56_1,0.74335104535793906,0.957927606145004
560_1,0.773064426855847,1.02789924236457
561_1,0.696243735238185,0.859972949334468
562_1,0.752683148610751,0.979116403405298
563_1,0.786494915899528,1.0621750930566
564_1,0.736222944161048,0.942181525060729
565_1,0.84085148787501,1.22407285195504
566_1,0.722605253710757,0.913075768818844
567_1,0.744825274649244,0.961230596255332
568_1,0.775209145078613,1.03325154347213
569_1,0.793196323278314,1.07999252015778
57_1,0.750296640035721,0.973633453972462
570_1,0.759523450173543,0.995087852774326
571_1,0.597060058610493,0.688566116311103
572_1,0.760627729746154,0.997702866420191
573_1,0.794385969267298,1.08320869494084
574_1,0.792998883354578,1.07946033157565
575_1,0.672908551483367,0.816039623611973
576_1,0.719466809049346,0.90653874061903
577_1,0.654728195939672,0.783530048778468
578_1,0.674176739837663,0.818360868609514
579_1,0.615555483515774,0.717817325528852
58_1,0.819633517164844,1.15569979941458
580_1,0.688889234483309,0.845838663069576
581_1,0.767586236462407,1.01442546997527
582_1,0.818233755634089,1.15144967748987
583_1,0.776233837335332,1.03582449506619
584_1,0.624967265027608,0.733114817271126
585_1,0.737752140354117,0.945528798960414
586_1,0.850684962645486,1.25862634054985
587_1,0.604709300472051,0.700538227781197
588_1,0.599457202331408,0.692299490366118
589_1,0.839060574417823,1.21799105363684
59_1,0.764031949596013,1.00583046610088
590_1,0.835258946815098,1.20528299972904
591_1,0.798593800798447,1.09471832821908
592_1,0.39900053635724,0.422459657979046
593_1,0.769743390041363,1.019697727605
594_1,0.719458662979785,0.906521853141315
595_1,0.722853353916488,0.9135951738301
596_1,0.779502689147733,1.04410185849977
597_1,0.817526712162102,1.14931405610105
598_1,0.73501524512443,0.939549591798823
599_1,0.686787827234845,0.841850238105939
6_1,0.811755093166612,1.13215375409579
60_1,0.703732937194363,0.874657840674269
600_1,0.698504667547616,0.864374500338531
601_1,0.538908074053705,0.602615486227117
602_1,0.745395076208981,0.962511594229127
603_1,0.593102452181736,0.682438596668525
604_1,0.685551667822568,0.839514205732223
606_1,0.690206085293139,0.848349229651847
607_1,0.732799751526569,0.934747680637473
608_1,0.665158207949723,0.802008629976284
609_1,0.7915088048691,1.07545832038826
61_1,0.752945230926001,0.979721296094671
610_1,0.815600664887648,1.14353396567793
611_1,0.744447252348279,0.960382093277206
612_1,0.873515029845475,1.34772407621799
613_1,0.711872168560237,0.89096932259569706
614_1,0.63022744741668,0.741793364243847
615_1,0.68560658104595,0.839617819250693
616_1,0.794740289764804,1.08416977428324
617_1,0.357654081012884,0.374193287836232
618_1,0.723992542611144,0.915985120352864
619_1,0.785719695113147,1.06014590481942
62_1,0.836180877224257,1.20834008703357
620_1,0.210823835415623,0.214033345466594
621_1,0.816999427773592,1.14772623685505
622_1,0.822760689077199,1.16530331721201
623_1,0.769138115378499,1.01821406843705
624_1,0.713003202670615,0.893266155691412
625_1,0.805562743909628,1.11425903571805
627_1,0.8486791713472,1.25141221286749
628_1,0.771994667450279,1.02524605238201
629_1,0.643676903453809,0.764426565866183
63_1,0.821112919911998,1.16022415917978
630_1,0.846296984575016,1.242957506461
631_1,0.463393832235923,0.501624563839355
632_1,0.842152222756782,1.22852935993919
633_1,0.770567048030362,1.02172215092196
634_1,0.768535526375878,1.01674034839184
635_1,0.582600212383242,0.666389995777651
636_1,0.743812900213909,0.958960640327212
637_1,0.772868574868846,1.02741268109807
638_1,0.803945136198449,1.10966837521872
639_1,0.86077308218372,1.29632110580732
64_1,0.811162203788584,1.13041779713404
640_1,0.800416574261886,1.09977051210428
641_1,0.802610913214397,1.10590727977946
643_1,0.841346078215026,1.22576345496758
644_1,0.541329845029577,0.606034761699505
645_1,0.847456079096552,1.24705615943951
646_1,0.751904966286242,0.977323576908343
647_1,0.813966319996953,1.13867166559569
648_1,0.737346995109485,0.944640362596899
649_1,0.809557265588693,1.12574297354072
65_1,0.732550976862477,0.934210587020048
650_1,0.529121264080221,0.588923956106869
651_1,0.625369681720967,0.73377542176218
652_1,0.729006680798517,0.926604090729903
653_1,0.758936630930245,0.993702438670338
654_1,0.726739826464087,0.921783029129426
655_1,0.588478267915538,0.675334971069661
656_1,0.848332993256602,1.25017602729042
657_1,0.807256099564655,1.11910131996893
658_1,0.65614695553647,0.786017351250906
659_1,0.709198047161338,0.885568550092893
66_1,0.768328846017601,1.01623564918169
660_1,0.627232546176102,0.736840624702862
661_1,0.8043433326345,1.11079528691954
662_1,0.665395046222735,0.802433522877323
663_1,0.850414951280909,1.25765003604123
664_1,0.590572634208589,0.678544931515932
665_1,0.517846299854945,0.573392378949314
666_1,0.76052910008766506,0.997468880966043
667_1,0.780306459685268,1.04615361008543
668_1,0.729955223868964,0.928631511114499
669_1,0.801443016603599,1.10263358483354
67_1,0.676855334754531,0.823287695411196
670_1,0.779235782162199,1.04342198542744
671_1,0.755910543987248,0.986604024365636
672_1,0.739742179318496,0.949909725365741
673_1,0.862241588175141,1.30201734198803
674_1,0.662501746780285,0.797259244285232
675_1,0.636033880112767,0.751484719995867
676_1,0.692935083025247,0.8535799279382
677_1,0.726058807220441,0.920341241996488
678_1,0.793955853702081,1.08204399316095
679_1,0.756231048399723,0.987352242533253
68_1,0.846084734472888,1.24221004426948
680_1,0.697619033163024,0.862647138816457
681_1,0.713647657107734,0.894578244843079
682_1,0.850805716962973,1.25906348817663
683_1,0.690758399942018,0.849404808008249
684_1,0.471380179772108,0.511843319959598
685_1,0.666326342091522,0.804106621976095
686_1,0.759305122580117,0.994572065402222
687_1,0.751749495932361,0.976965973046269
688_1,0.748702553017409,0.969996054206907
689_1,0.783974961236019,1.05560247834515
69_1,0.651460829871047,0.777832453200912
690_1,0.858687803432697,1.28832721646118
691_1,0.719076976423348,0.905731044896563
692_1,0.824806798191412,1.17167001056042
693_1,0.841732466781916,1.22708755816743
694_1,0.649576017669725,0.774564887721718
695_1,0.762783101791486,1.00283712099599
696_1,0.762781638722414,1.00283362219557
697_1,0.77668053754263,1.03694936116015
698_1,0.776669249651568,1.0369209121412
699_1,0.710972556084431,0.889147794410318
7_1,0.807651417796231,1.12023723211001
70_1,0.695764287395909,0.859043026917346
700_1,0.689314625532232,0.846648718095006
701_1,0.686218367284116,0.84077317068406
702_1,0.763820292221029,1.0053221836638
703_1,0.809459306753724,1.12545878474298
704_1,0.770206199604668,1.02083446447297
706_1,0.762877897243232,1.00306385575879
707_1,0.731093215464209,0.931071805355689
708_1,0.829144691091266,1.18539335153763
709_1,0.79533456682148,1.08578502955491
71_1,0.853543576025928,1.26906329775473
710_1,0.726917018842294,0.922158659199815
711_1,0.716181096054718,0.899760217853653
712_1,0.816669635222164,1.14673521787434
713_1,0.817919487516719,1.15049951096165
714_1,0.621362324430683,0.727221134577361
715_1,0.863270393849229,1.30604160059201
716_1,0.811679439239371,1.13193196991603
717_1,0.789587304757498,1.07033474930149
718_1,0.728311499451138,0.925122003771188
719_1,0.73001126307534,0.928751477442189
72_1,0.805812955752087,1.11497216009425
720_1,0.824671068098017,1.17124559628976
721_1,0.625248063707841,0.733575716921521
722_1,0.837803316551101,1.21375829675906
723_1,0.780207682413562,1.04590111123533
724_1,0.767996463737137,1.01542481449221
725_1,0.78505241614041,1.05840442808223
726_1,0.662239988434026,0.796792872010486
727_1,0.545081435731255,0.61135673692544
728_1,0.803398649773519,1.10812511338899
729_1,0.723354395790418,0.914645310413381
73_1,0.797168885453576,1.09079708976111
730_1,0.462367663377534,0.500318575532501
731_1,0.750447474332668,0.973978658549661
732_1,0.774152656152831,1.03060945488828
733_1,0.540048154488205,0.604223581866789
734_1,0.822151338436152,1.16342008168034
735_1,0.692088311775004,0.851952858603569
736_1,0.740597090766098,0.951800500947455
737_1,0.864333122513713,1.31022812117339
738_1,0.80158325885017,1.10302578671843
739_1,0.627080570428743,0.736590118523404
74_1,0.718967844544968,0.905505102144589
740_1,0.75867152657099,0.993077511389148
741_1,0.753144755232121,0.980182172984527
742_1,0.797887043828759,1.09277032987309
743_1,0.810066878613034,1.12722352779544
744_1,0.739543168158736,0.949470337970893
745_1,0.7264226356906,0.921111128188804
746_1,0.868183596769782,1.32565591468941
747_1,0.78155262405782,1.04934769031795
748_1,0.725904544062613,0.920015070173904
749_1,0.767714748318657,1.0147383696066
75_1,0.837507480996812,1.21276666928144
750_1,0.847083192089601,1.24573449327883
751_1,0.762538643001183,1.00225277834506
752_1,0.67561707000488,0.82100603789984306
753_1,0.70441328078485,0.876006976909783
754_1,0.679320480900135,0.827851136686436
755_1,0.793266665058992,1.08018223120211
756_1,0.738631232865005,0.947460561921174
757_1,0.79337492017414,1.08047430571693
758_1,0.759018715851922,0.993896056697394
759_1,0.730882291943052,0.930618846259063
76_1,0.740898541064671,0.952468471748053
760_1,0.683390951469428,0.835448867124365
761_1,0.703435998750327,0.874069807495592
762_1,0.799703105087319,1.09778812414672
763_1,0.528975160157275,0.58872106442111
764_1,0.849373490563497,1.25389944080843
765_1,0.757218989415741,0.989663936331925
766_1,0.515267635673804,0.569875223529
767_1,0.583328473242252,0.667493166522926
768_1,0.586591524018778,0.672453574243742
769_1,0.769201701138139,1.01836977176618
77_1,0.817853263759507,1.15029947657966
770_1,0.683762245675734,0.836145841384514
771_1,0.793530129382912,1.08089329964359
772_1,0.670693659727223,0.812002870645286
773_1,0.697217322918744,0.861865004611707
774_1,0.576659260194987,0.657443054511107
78_1,0.794008622773963,1.0821867696356
79_1,0.774316241903807,1.03101784649409
8_1,0.853827503380362,1.27011014677374
80_1,0.905170482305606,1.50012302335013
81_1,0.723419384607198,0.91478163779316
82_1,0.658113828226375,0.789479068342091
83_1,0.72154665925549,0.910863939319346
84_1,0.774935656479831,1.03256655942938
85_1,0.776990352635816,1.0377306834376
86_1,0.649711583282119,0.774799445348477
87_1,0.768500438301163,1.01665463813419
88_1,0.755943567402109,0.986681078486587
89_1,0.849807139192468,1.25545822829699
9_1,0.701996258003146,0.871225533539935
90_1,0.709752163616857,0.88668426960342706
92_1,0.792573481109496,1.07831520707726
93_1,0.604833196618013,0.700733570008223
95_1,0.846247749436521,1.24278403523119
96_1,0.6519578247623,0.778696379153588
97_1,0.835232101901415,1.20519421656509
98_1,0.876524075670616,1.36056512811193
99_1,0.51599650823983,0.57086807092833
1_2,0.688094056992915,0.844326858465968
10_2,0.858901724905672,1.2891422438748
100_2,0.72124696091024,0.910239029566379
101_2,0.60462325287489,0.700402587038103
102_2,0.534854766501027,0.596920676979978
103_2,0.417077998952237,0.444149447424153
104_2,0.718888262951354,0.905340385520142
105_2,0.796228998135038,1.08822396090844
106_2,0.769945661625791,1.02019429531481
107_2,0.851424040228372,1.26130701618126
108_2,0.750509091350668,0.974119728853214
109_2,0.641464261245892,0.760657809966577
11_2,0.796845127154232,1.0899095451855
110_2,0.755932364007762,0.9866549364013
111_2,0.76563581665235,1.00969494797598
112_2,0.756222311321058,0.98733183457754
113_2,0.807385350060245,1.11947248068084
114_2,0.837706439831235,1.21343338890819
115_2,0.681826563498204,0.832519545024011
116_2,0.743701981417068,0.958712402581301
117_2,0.80307320411068694,1.10720787922576
118_2,0.686468821417974,0.841246679419337
119_2,0.670073761614961,0.810876981818124
12_2,0.629417753378235,0.740451307593815
120_2,0.778904635728351,1.04257947984781
121_2,0.612889696959644,0.713536509404874
122_2,0.839553659189676,1.2196593415738
123_2,0.783875526114551,1.05534451432736
124_2,0.558022674055903,0.629957098820621
126_2,0.633578296277115,0.747371647700232
127_2,0.788558234062907,1.06760774811766
128_2,0.722364410274715,0.912571928745244
129_2,0.676773192357966,0.823136119486378
13_2,0.675694188051505,0.821147932179406
130_2,0.666835442497117,0.805022814261883
131_2,0.789107298982016,1.06906129031526
132_2,0.838314371437528,1.21547522138826
133_2,0.819251057418937,1.15453558880906
134_2,0.789361145337472,1.06973442766376
135_2,0.81205113141368,1.13302237709553
136_2,0.855086195894233,1.27477366476592
137_2,0.797767929301829,1.09244261615958
138_2,0.756975063444803,0.989092418876397
139_2,0.696040552087751,0.85957871450614
14_2,0.790428911044504,1.07257373833996
140_2,0.835033379428397,1.2045373984391
141_2,0.812552253374002,1.13449554692583
142_2,0.790137967597736,1.07179882324476
143_2,0.720356706327523,0.90838604793577
144_2,0.826167867866356,1.17594245663236
145_2,0.809801258036994,1.12645139011859
146_2,0.686630277178388,0.841552091033961
147_2,0.769127921184751,1.01818910924227
148_2,0.745323476924589,0.962350494063779
149_2,0.814460991693005,1.14013929050504
15_2,0.767402335242906,1.01397797003668
150_2,0.561984615694767,0.635729223749951
151_2,0.73125137088917,0.931411641669385
152_2,0.719311969108502,0.906217814787811
153_2,0.616963705499109,0.720087832672835
154_2,0.717023039275161,0.901490897838019
155_2,0.779947335286098,1.04523607658149
156_2,0.701957550451635,0.871149221666272
157_2,0.879876667956839,1.375221234752
158_2,0.573525027090092,0.652759968348113
159_2,0.71011446993075,0.8874147337894
16_2,0.784453168104643,1.05684454778254
160_2,0.75246710410931,0.978618181014968
161_2,0.799806072563619,1.09807383334002
162_2,0.804958640088331,1.11254065912078
163_2,0.638372510751176,0.755422004908592
164_2,0.757521632611713,0.990373716298791
165_2,0.714410186024252,0.896133910557359
166_2,0.786804107432092,1.06298623088124
167_2,0.649971076287658,0.7752486234856
168_2,0.774842999374319,1.03233465375671
169_2,0.68735748729265,0.842929280660326
17_2,0.78700283055061,1.06350811123747
170_2,0.800017556970239,1.09866105993276
171_2,0.725479582335165,0.919117335047169
172_2,0.688245829513224,0.844615168007748
173_2,0.69535911804444,0.858258109876359
174_2,0.842602488730913,1.23007986149169
175_2,0.793287306432305,1.08023791160704
176_2,0.65775923791844,0.788853820360045
177_2,0.739234383859139,0.948789152344784
178_2,0.731013382414675,0.930900328283222
179_2,0.833328369169319,1.19893139026418
18_2,0.746073877305831,0.964040839322256
180_2,0.746565819334816,0.965151301493083
181_2,0.783147621571766,1.05345928503062
182_2,0.763360632336363,1.00421969536328
183_2,0.57471410925754,0.654533694988926
184_2,0.769474073963549,1.01903715728396
185_2,0.728203499069003,0.924892040075575
186_2,0.846326378835246,1.24306109618119
187_2,0.829982309940509,1.1880795441398
188_2,0.698528295438198,0.864420641828112
189_2,0.787865891224899,1.06577964238934
19_2,0.753155369067357,0.980206698617683
190_2,0.687051370159763,0.842349238763205
191_2,0.798688251865253,1.094979118493
192_2,0.750412830073187,0.97389935467925
194_2,0.662232246687901,0.796779083003144
195_2,0.793984607733297,1.08212178849183
196_2,0.710290497849361,0.887769906323298
197_2,0.758711727446074,0.993172238309942
198_2,0.748792952104935,0.970201798087232
199_2,0.7802217723675,1.04593712251846
2_2,0.749711123440399,0.972295111977352
20_2,0.567208359418767,0.643397393996063
200_2,0.75439237289543,0.983071299451288
201_2,0.673617509556627,0.817336379425488
202_2,0.808495795521997,1.12267048133419
203_2,0.782228369521591,1.05108640310813
204_2,0.670578110561977,0.811792875753465
205_2,0.842408712770891,1.22941209285613
206_2,0.763652902752887,1.00492048724049
207_2,0.792093529437628,1.07702573356182
208_2,0.777099002079992,1.03800491114008
209_2,0.852003138342238,1.26341602062488
21_2,0.325480372705652,0.337764721951223
210_2,0.839231989015164,1.21857048295065
211_2,0.834742925871243,1.20357868465992
212_2,0.856050383025111,1.27837135138501
213_2,0.767579389391183,1.01440880299832
214_2,0.769386267269103,1.01882193277463
215_2,0.75698994450886,0.989127270980911
216_2,0.794414131630625,1.0832850304877
217_2,0.719912922732497,0.907464198572368
218_2,0.842859289005762,1.23096597677102
219_2,0.729514026217079,0.927687747157135
22_2,0.801993454484025,1.10417435874513
220_2,0.72134070061531,0.910434428411278
221_2,0.763522213425648,1.0046070339906
222_2,0.660504647090134,0.79370829027919
223_2,0.721463468637795,0.910690419636779
224_2,0.809642469469861,1.1259902652649
225_2,0.87168988165469,1.34007342427973
226_2,0.209974604431244,0.213144779531615
227_2,0.792715997492318,1.07869861008662
228_2,0.790279565185016,1.07217584364659
229_2,0.782405858682143,1.05154387308078
23_2,0.795463120346307,1.08613498679014
230_2,0.798141018384559,1.09346964992725
231_2,0.771089942910984,1.02301063020267
232_2,0.797860337762063,1.09269683993074
233_2,0.811853192118293,1.13244145621946
234_2,0.752009408899411,0.977563917761773
235_2,0.689872819573303,0.847713038804118
236_2,0.824722617924945,1.17140675239258
237_2,0.827930319228977,1.18152005858395
238_2,0.623318114596448,0.730413263212174
239_2,0.80556814295468,1.11427441479476
24_2,0.849955180308878,1.25599132175649
240_2,0.676914747666144,0.823397348402134
241_2,0.781208505261718,1.0484640754865
242_2,0.745823832842877,0.963477117822689
243_2,0.752271823217638,0.978168163005577
244_2,0.657365465337312,0.788160084518911
245_2,0.777552537957151,1.03915088519284
246_2,0.796637187343655,1.08934016452307
247_2,0.727523860792139,0.923446660071163
248_2,0.698587180049005,0.864535646995827
249_2,0.756714222200614,0.988481815644403
25_2,0.83067887485459,1.19032254309783
251_2,0.650268833523189,0.775764359732424
252_2,0.622857504436383,0.72966033883608
253_2,0.657997169900349,0.789273308292191
254_2,0.863788185450433,1.3080776101486
255_2,0.739155732683131,0.948615755530314
256_2,0.803587128293591,1.10865693892699
257_2,0.623312513348791,0.730404103033917
258_2,0.596429476644102,0.687586792970452
259_2,0.864389561885848,1.31045130802549
26_2,0.696538095976192,0.860544479571598
260_2,0.669796710906676,0.810374337828066
261_2,0.80223605932217,1.1048546637326
262_2,0.41572823204476,0.442516549319974
263_2,0.813948728758688,1.13861953926103
264_2,0.57105556720029,0.649087812478515
265_2,0.7741031501551,1.03048591411679
266_2,0.752561924214839,0.978836800607941
267_2,0.773898594006806,1.02997570058633
268_2,0.594129157572136,0.684023948255704
269_2,0.86544865240438,1.31465548737054
27_2,0.640314025037751,0.758705811079662
270_2,0.632952578089401,0.746326999038611
271_2,0.550300291562593,0.618811941106725
272_2,0.76754857123557,1.01433379146006
273_2,0.771881720767066,1.02496655846419
274_2,0.485877613176285,0.530649759102228
275_2,0.781042774792011,1.04803895411804
276_2,0.734959493768744,0.939428338784652
277_2,0.763194638161458,1.00382201616554
278_2,0.598134247912502,0.690237024970574
279_2,0.732857766668148,0.934872993601698
28_2,0.809741813114711,1.12627872066632
280_2,0.87778488167647,1.36603267487777
281_2,0.696050923317123,0.859598832489367
282_2,0.706296985183767,0.879755846277429
283_2,0.734649340200134,0.938754183380917
284_2,0.841195497876603,1.22524823370722
285_2,0.583547740904975,0.667825591742822
286_2,0.851019333472225,1.25983760735959
287_2,0.707962931304609,0.883087964665839
288_2,0.805417260105409,1.11384477128346
289_2,0.804601110019085,1.11152589791287
29_2,0.772517062009677,1.02654032329183
290_2,0.752302962125905,0.978239901116417
291_2,0.713598232795523,0.894477531468507
292_2,0.778297701988916,1.04103817826001
293_2,0.758407411105144,0.992455503920555
294_2,0.711284568770166,0.889779020651184
295_2,0.713659792000762,0.894602974685246
296_2,0.758173943984751,0.99190616334016
297_2,0.701040765722108,0.869344166979966
298_2,0.803198951227111,1.10756212396662
299_2,0.726650040453165,0.921592770053621
3_2,0.824695911780885,1.1713232577618
30_2,0.628178808407041,0.738402151375309
301_2,0.798794518303272,1.09527266230261
302_2,0.883600380465858,1.39195552683654
303_2,0.770451110902819,1.02143681340473
304_2,0.712547421727872,0.892339679890434
305_2,0.815794020082426,1.14411177005217
306_2,0.483113636410349,0.527037957260914
307_2,0.747825309513327,0.968002775153527
308_2,0.773960604019597,1.03013032630762
309_2,0.688868223891261,0.84579867687081
31_2,0.775088955174868,1.03295042427375
310_2,0.417869680742571,0.445108230193137
311_2,0.756840713869758,0.988777849494996
312_2,0.39409294091025,0.416636327365729
313_2,0.810054277218395,1.12718687472254
314_2,0.785440552130401,1.05941681273125
315_2,0.773961970545511,1.03013373423952
316_2,0.770297313642926,1.02105849028847
317_2,0.832803834990255,1.19721722985785
318_2,0.828754978749488,1.1841476355442
319_2,0.764010350620403,1.0057785793727
32_2,0.747421873668749,0.967088076776174
320_2,0.828527483963625,1.18342163547016
321_2,0.656800200835674,0.78716532443614
322_2,0.785734074183589,1.06018348406788
323_2,0.769483938311611,1.01906134041284
324_2,0.720025159906778,0.907697227615663
325_2,0.755934649554181,0.986660269428747
326_2,0.612559420464991,0.713007701996037
328_2,0.830694310934091,1.19037234336318
329_2,0.7514024624989,0.976168439771604
33_2,0.831464467735615,1.19286228993034
330_2,0.858418021657693,1.28730098862414
331_2,0.772591717114603,1.02672549830489
332_2,0.571617320967828,0.649921801431712
333_2,0.625842172156303,0.734551756161141
334_2,0.664904284065628,0.801553351746121
335_2,0.758799084012095,0.993378127014901
336_2,0.843249464696123,1.23231485596635
337_2,0.790196019082191,1.07195336505074
338_2,0.692012988369628,0.85180830221248
339_2,0.784862633941447,1.0579099997334
34_2,0.848926033995619,1.25229533468452
340_2,0.645967893487834,0.768348134942329
341_2,0.640096352894985,0.758336961080926
342_2,0.532706709277236,0.593916725176522
343_2,0.819892392990086,1.15648908230073
344_2,0.585545341278596,0.670860055163358
345_2,0.748103724234186,0.968634747293227
346_2,0.720445396258451,0.90857042593011
347_2,0.78782088674463,1.06566099185187
348_2,0.649817635152048,0.7749829877127
349_2,0.657619000027764,0.788606681189402
35_2,0.775963575313243,1.03514488255096
350_2,0.515126143470831,0.569682605008309
351_2,0.773059014326422,1.02788579092829
352_2,0.801245642614385,1.10208202548702
353_2,0.747512602551804,0.967293674734544
354_2,0.821666066825744,1.16192448042244
355_2,0.60753103998043,0.704998657028693
356_2,0.841919673900564,1.22773015545112
357_2,0.772080982878613,1.02545972686169
358_2,0.821010561910588,1.15991004037936
359_2,0.58383653524744,0.66826362120434
36_2,0.837103302784596,1.21141453882838
360_2,0.651277738582599,0.777514430706768
362_2,0.71979556527391,0.907220622282192
363_2,0.611000172930169,0.710515795726277
364_2,0.696303388170368,0.860088734602819
365_2,0.8012812910021,1.10218160842689
366_2,0.702686191294406,0.87258710976934
367_2,0.663319873840849,0.798718754553424
368_2,0.794105101301675,1.08244789384914
369_2,0.675116021237371,0.820084789049604
37_2,0.643554701442637,0.76421794410366
370_2,0.807699569269558,1.12037573361263
371_2,0.763304771733434,1.00408584082312
372_2,0.76037930079268,0.997113661717707
373_2,0.733846037472978,0.937011207591661
374_2,0.606356512563341,0.703139106159979
375_2,0.854367791649843,1.27210739066482
376_2,0.788299551546107,1.06692408981905
377_2,0.685184644664983,0.838822062383639
378_2,0.827945784449274,1.1815692296701
379_2,0.779129088252207,1.04315041308397
38_2,0.7837920908675,1.05512813916874
380_2,0.641350712499837,0.760464895534994
381_2,0.757426914258755,0.990151494145388
382_2,0.702876278779869,0.872962703606522
383_2,0.835771845897009,1.20698182596915
384_2,0.769655188778225,1.01948131624466
385_2,0.717966799106455,0.90343598968399
386_2,0.687251528851502,0.842728454411211
387_2,0.702783548881422,0.872779453841635
388_2,0.794387775615911,1.08321359086462
389_2,0.814628421776813,1.14063682891641
39_2,0.689670212808001,0.847326543429713
390_2,0.675742110927688,0.821236122162576
391_2,0.77200604466025,1.02527421271589
392_2,0.839716054983223,1.22020981100212
393_2,0.713446133722526,0.894167685502341
394_2,0.757175889508671,0.98956291746089
395_2,0.733071040538143,0.935333864059128
396_2,0.774586525545927,1.03169317570701
397_2,0.774109833045989,1.03050258969628
398_2,0.773799551976579,1.02972881001611
399_2,0.591404948159631,0.679823973987045
4_2,0.670329211110996,0.811340735647385
40_2,0.651394068434464,0.777716475901732
400_2,0.804489225535066,1.11120868145949
401_2,0.704360676625664,0.875902570222426
402_2,0.789933918724204,1.07125591363962
403_2,0.734101751831273,0.937565563055221
404_2,0.811171156250737,1.13044397326442
405_2,0.772388566788323,1.0262217269122
406_2,0.64206767989125,0.761683794285281
407_2,0.870310193062998,1.33435703801945
408_2,0.732815066911132,0.934780759700461
409_2,0.7242624211094,0.916552521881316
41_2,0.883238620106945,1.3903079399414
410_2,0.75053996013525,0.974190413236601
411_2,0.743115550149648,0.957401482421254
412_2,0.776991834240341,1.03773442217392
413_2,0.63294641878696,0.746316722829001
414_2,0.872463722144026,1.34330474242561
415_2,0.767828728362831,1.01501601314521
416_2,0.767709394258283,1.01472533058229
417_2,0.648329459932537,0.772411416952718
419_2,0.760291868759121,0.996906422683437
42_2,0.661896706803935,0.79618168678913
420_2,0.769763338279271,1.01974668276782
421_2,0.836549138478294,1.20956560873903
422_2,0.736065404871093,0.94183762169957
423_2,0.663271347065976,0.798632105622304
424_2,0.734887304065514,0.939271366289685
425_2,0.827207115874349,1.17922511908753
426_2,0.724719184611892,0.917513900583763
427_2,0.642051164804391,0.76165569591972
428_2,0.782141512760105,1.05086265314834
429_2,0.584061100197212,0.668604385493663
43_2,0.680660244821334,0.830343199399182
430_2,0.810555782834814,1.12864726339972
431_2,0.602305640250292,0.696757563082041
433_2,0.61284405025366,0.713463403814886
434_2,0.858082020537865,1.28602539081548
435_2,0.843418369127067,1.23289972965167
436_2,0.687782470497865,0.843735321924466
437_2,0.66156312639604,0.795588247172089
438_2,0.716313960137152,0.900033045276818
439_2,0.864361959462798,1.31034214477826
44_2,0.724338949980547,0.916713503623298
440_2,0.754037607433675,0.982248482578726
441_2,0.570801741557774,0.648711239172994
442_2,0.770194579116056,1.02080589826005
443_2,0.780752366325247,1.04729469665869
444_2,0.837297622767043,1.2120642312453
445_2,0.731379404108618,0.931686876688017
446_2,0.634251835022968,0.748497681304404
447_2,0.762504151918125,1.00217037441026
448_2,0.787495477751074,1.06480373766302
449_2,0.747060824070209,0.966270538672616
45_2,0.64982281974835,0.774991961737502
450_2,0.705864869140044,0.878894112608989
451_2,0.744434667328053,0.960353863568673
452_2,0.736236945223609,0.942212097371362
453_2,0.752517163104451,0.978733589315349
454_2,0.716535978891395,0.900489183923165
455_2,0.750128080212921,0.97324789360155
456_2,0.72682438416754,0.921962257395111
457_2,0.607481284344783,0.704919797025513
458_2,0.81768446737255,1.14978990882835
459_2,0.81478053673588,1.14108920654002
46_2,0.709846403439143,0.886874198414953
460_2,0.762454432596888,1.00205160634257
461_2,0.791083519475781,1.07432073823283
462_2,0.78352565296310706,1.05443766860262
463_2,0.836030544590459,1.20784052227702
464_2,0.736447044606296,0.942671029608736
465_2,0.681638805640405,0.832168753471437
466_2,0.692890592337047,0.85349434782341
467_2,0.701945781793974,0.871126021397877
468_2,0.783490021454844,1.05434538660101
469_2,0.716028085487201,0.899446153018779
47_2,0.771929994989972,1.02508600141309
470_2,0.803252880759189,1.10771411172674
471_2,0.753914174213894,0.981962439938266
472_2,0.767431927177036,1.01404995745005
473_2,0.707284675297167,0.881729464787624
474_2,0.824121529582824,1.16953027447089
475_2,0.744563325074078,0.960642514266719
476_2,0.817708100125162,1.14986122655126
477_2,0.83584231183701,1.20721560081875
478_2,0.701924754402857,0.871084570707985
479_2,0.690273841704617,0.848478642276589
48_2,0.680053884513272,0.829214276743612
480_2,0.703992373789694,0.87517200684377106
481_2,0.706984538451381,0.881129143803032
482_2,0.836751139710493,1.21023890912659
483_2,0.693952064186325,0.855538917365751
484_2,0.767714790996541,1.01473847354334
485_2,0.696030489456378,0.859559195676025
486_2,0.817940261505781,1.15056227401754
487_2,0.830660299725423,1.19026262101381
488_2,0.829472182427872,1.18644217149946
489_2,0.762806199895868,1.00289236054668
49_2,0.778512006760377,1.04158198050149
490_2,0.640155051011303,0.758436409114525
491_2,0.600847589734678,0.694472593489383
492_2,0.640027095234956,0.7582196390452
493_2,0.600871923529602,0.694510676479389
494_2,0.858075985499977,1.28600250485351
495_2,0.785062664026661,1.05843113721959
496_2,0.753526003911537,0.981063701906288
497_2,0.859154283337173,1.29010594684889
498_2,0.514663412409593,0.569052938983663
499_2,0.805355289923404,1.11366839541176
5_2,0.76414403527811,1.0060997930776
50_2,0.754621690132152,0.983603704980588
500_2,0.745351536307935,0.962413623762148
501_2,0.78980815398819,1.0709215252142401
502_2,0.750888751158052,0.974989608310562
503_2,0.866758305349295,1.31989697348676
504_2,0.745161634664898,0.961986487454823
505_2,0.751567510640943,0.976547625169043
506_2,0.62920163242532,0.740093473256487
507_2,0.656101121547922,0.785936870323212
508_2,0.808884651863379,1.12379427858688
509_2,0.819231086945093,1.15447485949706
51_2,0.826859753289249,1.17812592466793
510_2,0.740167035639771,0.950848702652062
511_2,0.704730998650906,0.876637897699097
512_2,0.786970457431096,1.06342306474439
513_2,0.45137492482321,0.486425662557097
514_2,0.812747423953838,1.13507025381064
515_2,0.837858546157023,1.21394360655131
516_2,0.61395657406274,0.715247038558858
517_2,0.74271943344562,0.95651743843338
518_2,0.739864520738094,0.950179979072301
519_2,0.748339844524918,0.969171184210681
52_2,0.834961907929097,1.20430134667971
520_2,0.823388220033584,1.16724885925902
522_2,0.718238825167478,0.903997646003637
523_2,0.799847068756681,1.09818762395447
524_2,0.78143669081764,1.04904986514774
526_2,0.72714634651635,0.922645115621607
527_2,0.659363550866567,0.791686813876459
528_2,0.763548225440857,1.00466941083451
529_2,0.846005986245974,1.24193296397334
53_2,0.804640922115109,1.11163881279533
530_2,0.686269488131311,0.840869794793655
531_2,0.791074491396593,1.07429661149905
532_2,0.799017895497214,1.09589015479966
533_2,0.74455064636941,0.960614063387283
535_2,0.59712363952760406,0.688664924022949
536_2,0.80270992619791,1.10618561235088
537_2,0.817769698862354,1.15004715520441
538_2,0.454617833550495,0.490505857993495
539_2,0.817960078473236,1.15062215169462
54_2,0.765257064725021,1.0087802907692
540_2,0.545067085021527,0.611336320321095
541_2,0.872930984694779,1.3452647439215
542_2,0.830702596144882,1.19039907501664
543_2,0.703098148836653,0.873401347591916
544_2,0.684188638187005,0.836947063702466
545_2,0.768164481508555,1.01583456159531
546_2,0.845217644090361,1.23916626952324
548_2,0.82060866409382,1.15867825068049
549_2,0.589433156297331,0.67679698784966
55_2,0.755103806844906,0.984724431999977
550_2,0.738965088217493,0.948195639187964
551_2,0.841117748300505,1.22498238277227
552_2,0.843337242213125,1.23261873548373
553_2,0.521296067537048,0.57811780764268
554_2,0.756769403067846,0.988610941472238
555_2,0.766928185179809,1.01282560253762
556_2,0.736277746515469,0.942301197728801
557_2,0.698150191633078,0.86368262233004
558_2,0.607630764221811,0.705156737335414
559_2,0.661877504505273,0.796147513249177
56_2,0.763515180654082,1.0045901704162
560_2,0.758167339428131,0.991890629686408
561_2,0.74484020890098,0.961264139472846
562_2,0.757555144572196,0.990452357842308
563_2,0.817298296262139,1.1486257179527
564_2,0.723923239780571,0.915839490978122
565_2,0.824547877128856,1.17086064761486
566_2,0.678286903085074,0.825934353304622
567_2,0.694896042460625,0.857362061563742
568_2,0.754548601346135,0.983433968396769
569_2,0.80111763381339,1.10172456681197
57_2,0.745844317787689,0.963523282999917
570_2,0.841941393012189,1.22780475235854
571_2,0.476041859769124,0.517853784480488
572_2,0.857657940367718,1.28441938493292
573_2,0.754075551365745,0.982336438185288
574_2,0.811773168860611,1.132206755935
575_2,0.744980388234782,0.96157907232757
576_2,0.75650787366645,0.98799917383509
577_2,0.584512747177374,0.669290144661006
578_2,0.757567273062135,0.990480821726498
579_2,0.746484232199624,0.964967007242598
58_2,0.648232844377763,0.77224476127277
580_2,0.634985354003561,0.74972582335007
581_2,0.644815443547378,0.766372966407839
582_2,0.686688959069532,0.841663126133675
583_2,0.786185058915729,1.06136324643558
584_2,0.805113619921065,1.11298104681233
585_2,0.658515156933163,0.790187351333111
586_2,0.844675198784313,1.23727004040239
588_2,0.497897764876758,0.546507079710816
589_2,0.779923964386783,1.04517641133632
59_2,0.837140466239593,1.21153873705012
590_2,0.669900588389926,0.810562759665399
591_2,0.739303732365796,0.94894207709201
592_2,0.675126935131128,0.820104843576184
593_2,0.77321982115597,1.02828555391282
594_2,0.815694110049303,1.14381314035503
595_2,0.743880861953291,0.959112784908932
596_2,0.760067150129741,0.996374074400792
597_2,0.7185841643119,0.904711326394339
598_2,0.785996879415347,1.06087070855013
599_2,0.814523617793953,1.14032534420754
6_2,0.744817415571195,0.961212944971741
60_2,0.771790720484505,1.02474146003288
600_2,0.70003604366752,0.867371205048582
601_2,0.709620020573704,0.886418037704488
602_2,0.817498565479613,1.14922919337392
603_2,0.801164532199468,1.10185550462929
604_2,0.677387363747532,0.824270193164036
605_2,0.696247261967627,0.859979794133677
606_2,0.753101551422392,0.980082350296885
607_2,0.828997510544222,1.1849225863351
608_2,0.763606544251836,1.00480928101165
609_2,0.624675126279193,0.732635585820798
61_2,0.613732799482666,0.714887962037493
610_2,0.668785656014379,0.808542879055836
611_2,0.572466498676357,0.651184016436791
612_2,0.722980896274829,0.913862339331004
613_2,0.715130201615134,0.897606023958959
614_2,0.821125476391444,1.16026270397872
615_2,0.743700112416106,0.9587082205174
616_2,0.795066577940797,1.0850561175316
618_2,0.79317267032175,1.07992874120733
619_2,0.770948367737305,1.0226615182616
62_2,0.820590241059867,1.15862184498206
620_2,0.617029293907455,0.720193737381515
621_2,0.754228763709739,0.98269170946961
622_2,0.797853891561695,1.09267910252228
623_2,0.750321836376134,0.973691106746419
624_2,0.869131683343097,1.32951883013907
625_2,0.657995356017783,0.789270109435621
626_2,0.656925400818465,0.787385540970507
627_2,0.797121767961012,1.09066784469969
628_2,0.816460803529727,1.14610851199156
629_2,0.608351393602373,0.706299964351486
63_2,0.629135156899887,0.739983441242509
630_2,0.776443662713865,1.03635262587867
631_2,0.747406964492543,0.967054297590336
632_2,0.736878189078733,0.94361377612377
633_2,0.745027819821123,0.961685667615603
634_2,0.772384423913859,1.02621145750639
635_2,0.727711705848425,0.923845844294785
636_2,0.800729297405504,1.1006414060861
637_2,0.813356501076431,1.13686722649009
638_2,0.763389103309436,1.00428792872909
639_2,0.796417027793552,1.08873788619819
64_2,0.721896081113632,0.911593241298039
640_2,0.82081102380836,1.15929815821456
641_2,0.71704645641213,0.901539095015336
642_2,0.473057889982603,0.514002511041031
643_2,0.589688158148254,0.677187844274665
644_2,0.444303576180005,0.477580192677106
645_2,0.749901699098838,0.972730424606861
646_2,0.723040988558068,0.91398825160251
647_2,0.786473401749413,1.06211869100214
648_2,0.791991849938651,1.07675289178914
649_2,0.844848656996673,1.2378757386822
65_2,0.800047498404635,1.09874424260975
651_2,0.808570583558068,1.12288646064348
652_2,0.802804741695561,1.10645226211342
653_2,0.583312890522605,0.667469546928949
654_2,0.739798259588988,0.950033593961193
655_2,0.527534292173406,0.586722486195061
656_2,0.787225675666033,1.06409385038463
657_2,0.77185508784745,1.02490067113906
658_2,0.64161306807793,0.760910698676777
659_2,0.86972626183944,1.33195470015484
66_2,0.75039691265219,0.973862921414902
660_2,0.786470595683742,1.0621113349164
661_2,0.7777137367763,1.03955868748909
662_2,0.766588708224457,1.01200179214755
663_2,0.865289145024897,1.31402034556731
664_2,0.797997821848812,1.09307526166553
665_2,0.690701686714866,0.849296347319422
666_2,0.643042357402142,0.76334388583729
667_2,0.800992364787772,1.10137495692427
668_2,0.64640875797011,0.769105061045339
669_2,0.547112739834835,0.614251251822473
67_2,0.734241587181156,0.937868898828759
670_2,0.853361126850377,1.26839158796604
671_2,0.710115760839455,0.887417337811183
672_2,0.74697584135962,0.966078254264457
673_2,0.737260457626466,0.944450746763448
674_2,0.742991008427727,0.957123407942486
675_2,0.772567503424995,1.0266654327045
676_2,0.747810440928724,0.967969041828391
678_2,0.747023556335142,0.966186208786326
679_2,0.724231794339414,0.916488107681697
68_2,0.847499305489355,1.24720956334893
680_2,0.702934130715836,0.873077052609319
681_2,0.779638126776386,1.04444712487164
682_2,0.469655690144922,0.509628495545057
683_2,0.841326244565792,1.22569556719032
684_2,0.737049002789082,0.943987642289965
685_2,0.79332505038229,1.08033973918393
686_2,0.751806181326243,0.977096335218828
687_2,0.751683859652154,0.976815057996996
688_2,0.780669390627857,1.04708220571941
689_2,0.670463190908,0.811584083556
69_2,0.586228449131487,0.671900210431155
690_2,0.844738899574046,1.23749240501411
691_2,0.841104903673506,1.22493847428178
692_2,0.557362393078098,0.628998751702536
693_2,0.845306568391165,1.2394777033095
694_2,0.725195184557196,0.918517194946139
695_2,0.791338978482351,1.07500381161663
696_2,0.764601699000592,1.00720065015841
697_2,0.791257775407365,1.07478660216393
698_2,0.764507015656439,1.00697274828521
699_2,0.319625012843955,0.331229398083143
7_2,0.726779054558437,0.921866171079554
70_2,0.787291796094734,1.06426774915047
700_2,0.825598222941531,1.17415065235914
701_2,0.671749410405881,0.813924299448964
702_2,0.649681793733182,0.77474789690192
703_2,0.86310920679474,1.30540925480255
704_2,0.681136960885463,0.831231969903559
705_2,0.676478819725934,0.822593174074506
706_2,0.681388153142401,0.831700715975915
707_2,0.421790529464243,0.449868041867401
708_2,0.828872728189822,1.18452375062597
709_2,0.80178573678778,1.10359247252699
71_2,0.809162250425679,1.12459779183933
710_2,0.705030142832163,0.877232448307344
711_2,0.66768875372265,0.80656097424194
712_2,0.722048220080536,0.91191102092327
713_2,0.758236830537318,0.992054088334977
714_2,0.700988384911056,0.869241172448243
715_2,0.882012076807695,1.38475723186598
716_2,0.819659368425644,1.15577857107579
717_2,0.64544465459646,0.767450738598236
718_2,0.745552460395556,0.96286584861169
719_2,0.735431239669788,0.940455016832788
72_2,0.77926891568757,1.0435063449297
720_2,0.794457695017585,1.08340312954849
721_2,0.48814518499238,0.533622380401734
722_2,0.850380130841925,1.25752425057341
723_2,0.673382532683455,0.816906332094665
724_2,0.784595928318956,1.05721581523576
725_2,0.828521241801925,1.18340172727734
726_2,0.776583528418164,1.03670490881315
727_2,0.528965679559497,0.588707900403426
728_2,0.816608762526803,1.14655247209432
729_2,0.825505685709284,1.17386007872212
73_2,0.714085174877752,0.895470419672079
730_2,0.63539394219215,0.750410760248727
731_2,0.768367712947345,1.01633052966797
732_2,0.829106647219726,1.18527163086689
733_2,0.748180654749522,0.968809476886874
734_2,0.736604034597665,0.943014154542569
735_2,0.735590748431861,0.940802512634871
736_2,0.253604841684359,0.259261695230959
737_2,0.594783906398004,0.685036517448652
738_2,0.711031820292454,0.889267646984714
739_2,0.756778094336376,0.988631281750449
74_2,0.708332759867912,0.883829807898318
740_2,0.708270322178563,0.883704508739157
741_2,0.819094584542528,1.15405992355923
742_2,0.883247980676599,1.39035051095966
743_2,0.85453726163968,1.27273526460521
744_2,0.69460866047158,0.856806539897952
745_2,0.727863804137611,0.92416923407397
746_2,0.872991426091815,1.34551876476594
747_2,0.815280619626342,1.14257876774006
748_2,0.425603453395745,0.454515236796268
749_2,0.837491127834273,1.21271190223176
75_2,0.803607637862084,1.10871483773954
750_2,0.764557493776523,1.00709423873704
751_2,0.794395706240195,1.08323508646393
752_2,0.686185220653648,0.8407105266981
753_2,0.769775010457138,1.01977532928312
754_2,0.369982805970162,0.388403178616331
755_2,0.737413749302391,0.944786666684185
756_2,0.6888872667115,0.845834918021415
757_2,0.782984486509512,1.05303753766037
758_2,0.69999235373547,0.867285535175848
759_2,0.725859657783046,0.919920192267782
76_2,0.0905042276170576,0.0907525563716271
760_2,0.498141634564677,0.546831384700385
761_2,0.757425999086049,0.990149347390466
762_2,0.82754993831214,1.18031191008956
763_2,0.653211183184388,0.78087942478986
764_2,0.839290883860402,1.21876969414593
765_2,0.808417592962564,1.12244472191426
766_2,0.776860992699615,1.03740433544214
767_2,0.536213768818767,0.598826169512905
768_2,0.589912954959143,0.677532553132221
769_2,0.629782269855198,0.7410552078441
770_2,0.738057914192487,0.946200097399924
771_2,0.718002770024314,0.903510233394184
772_2,0.805455374334672,1.11395327464439
773_2,0.71856367418604,0.90466896092062
774_2,0.426878505100331,0.456073373272857
78_2,0.799432981790559,1.09703921891869
79_2,0.776396268633245,1.0362332970328
8_2,0.868628404924904,1.3274650280818
80_2,0.810576625663555,1.12870803277747
81_2,0.867441156163943,1.32264887791474
82_2,0.658051767954078,0.789369600511026
83_2,0.796035247958613,1.08769483983862
84_2,0.799372498760054,1.09687165512945
85_2,0.815885095873018,1.1443841211538
86_2,0.69649666236664,0.860464004637278
87_2,0.636949548077866,0.753023973266442
88_2,0.831641084606945,1.19343475491593
89_2,0.826942569339646,1.1783878064672
9_2,0.827540913170844,1.1802832741715
90_2,0.785145196929713,1.0586462841468
91_2,0.712213137186314,0.891660949245421
92_2,0.726617973880419,0.921524832834061
93_2,0.635996433810866,0.751421836263232
94_2,0.56006407162198,0.632926535983163
95_2,0.726127814955226,0.920487200992059
96_2,0.782032491353285,1.05058191608553
97_2,0.825584687453905,1.17410814123851
98_2,0.851000490414496,1.25976928147579
99_2,0.761033117915788,0.998665470493447
