FamId,Age,Sex,Zygosity,AO_1,AO_2,FA_TOT_1,FA_TOT_2,SC_1,SC_2
1,37,2,1,0.32764981917503855,-1.2367038770751646,-0.35918820479976815,-1.8501781962424475,-0.13583861258750765,-1.620904681839716
10,40,2,1,0.03992497136983716,0.3201077229369961,1.5450693380644074,1.0734666643720663,1.1865188856722364,0.6277811566467852
100,48,2,1,NA,0.40506399814063226,2.2359753494054835,1.1041289325439037,0.9094680238066024,0.07136143026841671
101,36,2,1,1.4041977322614017,-0.4286644342403309,1.6349418773406053,0.3071989652529829,0.33990147858649317,0.3104942296904158
102,50,2,3,-1.152643480952467,1.4273726897283145,-0.9940928240930949,1.0664480886549095,-1.7623362189625935,NA
103,64,1,3,0.09509114008190901,0.0016968895595276692,0.5835686892857763,-0.04402563801247335,-0.074411640333146,-0.48611312487821917
104,53,2,1,NA,NA,0.8811430157746655,0.7868224810362011,-0.4399787207024893,-0.10179535839760738
105,40,2,3,1.3824673226290818,0.3668048481981867,0.6562796837980852,0.6236302679270794,0.6865956544389387,0.0690434276213285
106,48,2,1,0.5568296552395017,-0.342090006038418,0.18631757528114765,0.4547683279983177,0.30661942143703036,-0.47267267430900145
107,44,2,3,-0.9040736621709818,0.8820913790695591,-0.07932574714915784,0.17098644119523007,0.03344336782477623,1.1362152014276532
108,67,2,1,0.6258058588866268,1.3262627378044858,-0.5072138825607654,0.5956108313043651,-0.18963650656544076,0.016214235707095622
109,43,2,1,-0.10770850065148575,-1.5319708211178005,-1.3864143808550073,-2.384035421358003,0.4503689612069784,-0.6524028723958966
11,40,2,1,0.5185705052970562,NA,NA,0.17742158435664893,1.6423312435614301,-1.1219501526697773
110,42,1,1,1.002622381842255,0.37221119081618176,0.9581531304446006,0.2398659812824409,-0.1065174903967077,0.5698492342130559
111,42,2,1,-0.12854303120282604,1.552553478200037,-0.2411691113607636,0.647620542905541,-0.8824367547273823,-0.5148461435264234
112,35,2,1,0.5661635096392253,1.6868945159078,0.8538716104454301,1.1078115116643743,-0.18420489270575938,0.286311089631468
113,36,1,1,-0.5116242779862055,0.9243123237954063,0.42909048331511135,0.8462774638890883,-0.8250576842238942,0.5423793894436719
114,62,2,1,1.6190156497679067,0.43991323692284356,0.6517219558440097,0.3070892327611581,1.1156993645995361,-0.25173770906802967
115,36,2,1,-0.2652244958261635,0.4936037896681842,-0.08822173807365913,-0.05920003507720638,0.8692319587158726,0.01642174072964935
116,49,2,1,0.02897296397185121,-0.42632400732475706,0.379698356498196,0.5066683071076687,-0.860191018795127,-0.49260040759416773
117,47,2,3,-0.23450744212148372,-1.2384956352370824,-0.4423887508826642,0.10902360604990133,-0.6438920588483329,-0.8203355522247933
118,38,1,1,-1.54398909789091,-0.16642390268578672,-0.8275018864248189,0.054032342092375334,-0.7619877796579585,-0.026806557256041343
119,58,2,1,-1.4879613330995467,-0.40225317077686457,0.6073691187616395,0.1539050094420958,1.7982589001097748,-0.39258114264793825
12,66,2,1,0.02125726257040359,-0.3056226142579305,-0.3160570990748424,-0.6135295547884624,0.6389905713618341,0.6095833224657581
120,35,2,1,1.4884317335477408,0.25095791412618895,-3.2418162249286895,-0.6226075294990053,1.0656031853775003,0.8156415697608486
121,40,1,3,0.2838450044523115,0.35389069234409704,0.07076719132172574,-1.764855523203788,-1.595838966422363,-0.9929903640527906
122,52,2,1,NA,-1.1459972637956806,0.2234149866144035,-1.8625199162554966,1.5061238152756995,-0.7876415986182809
123,54,2,1,-2.0265964266015155,-0.4155456050904386,0.744401925407089,-0.2931239567160278,-1.7097145320709148,-0.15113034057885033
124,66,1,3,-0.1901196756437457,-0.587045240363866,-0.2993692543748484,-0.760088789443506,0.5768032421543231,-0.3201178491760155
125,64,1,1,-1.527633962744466,-1.0723369914478569,-0.8131007674184185,NA,-1.54477408513698,-1.8241429496497084
126,58,2,3,-0.4489502960380552,-0.6590873597134128,0.7633607723675636,-0.05287462440761496,0.033823966345173685,-1.0248369939135873
127,58,2,3,0.8468949299599852,1.3372147452024865,0.8359150298586903,1.7464709613723317,0.9307450576755115,1.1660030488441253
128,60,2,3,-2.3568862145900846,0.5733583955496283,-1.4328092318824597,1.193654889296338,1.640774437955134,0.6997424732806808
129,50,2,1,1.4740698149895053,0.29496740214444234,0.45336461285488733,1.0519372371566844,1.472461159605842,1.0901669239568443
13,49,1,1,NA,1.0784184078098495,0.39638620119818924,1.3395915485828405,0.5626877212492343,1.106721825826653
130,54,1,1,-0.17162557200797865,0.07353433561327213,0.3874353440277769,1.1057224931899339,-0.24272491868243792,0.11016206807048125
131,35,1,1,0.9618491998205542,-0.05381327461034167,0.8633040293963109,0.9793908413821129,0.5034926249366848,-0.02583785519269532
132,61,2,1,0.8510271150375167,2.2052437476120454,1.0532860860542008,1.9928637205642965,-0.3200317224710935,2.8265439094091125
133,60,2,1,-1.0026695820155562,0.012992892415340277,-0.3626339338883354,-0.36988935963745123,0.14100474425522408,-0.15306774470554307
134,61,2,3,0.16224451743495524,-0.95848648883362,-0.5864401332452674,-0.5501630044997053,0.5915929933072838,-0.21710635133482467
135,62,1,1,1.127455959986614,0.3569533931769684,1.292376414967696,-0.34734980433177637,0.9211794153596792,-0.03455617376281215
136,62,2,1,1.6423642123985014,0.5449817687605223,1.2067620256511327,0.20188555939902175,0.2775927710613505,-0.1047014645876461
137,49,2,1,-0.227861224964697,0.19241290238601907,-0.2043634163053761,0.8621841688141911,-0.5073040320422058,0.22787719035971074
138,66,1,3,-0.587045240363866,-0.3068624887967218,0.9014037071033032,-0.6149802744612506,-1.246446189402431,-1.2317425649543936
139,66,2,1,0.25474288887635704,0.38315998334463164,0.6815639414281525,0.9463869812707659,2.7416088674313177,0.006734720096185819
14,61,2,1,-0.95848648883362,-0.5498866427982022,-1.2865887180346456,-1.6312214411174948,0.07696613762594244,-1.3933963071778925
140,43,2,1,2.0053364174173898,0.4993541277439931,1.0405255322231908,1.475851077169951,1.0826248124726265,-0.5788847501557052
141,36,2,3,0.5286266336140775,-1.584418284454799,0.5865328565938217,-2.2684771756820252,0.28108698079433975,-1.5127552018663386
142,55,1,1,0.18776311668699275,1.063334215334317,0.004009778190365615,0.3232485111513247,0.09023433478531498,-0.909612127681292
143,62,1,1,-0.12169214075023578,1.8162385575891753,-1.225256319974411,1.3721860982079352,-0.666812025028461,-0.6521084005804225
144,37,2,3,0.25760413128297577,1.1681980738761928,-0.5151798584057455,-0.1959411254447865,0.8051933520865922,0.01119763189252111
145,38,2,1,0.1500215673660419,-0.48038962366003213,-0.15855199783366056,0.13166503213084638,-0.9497620660670992,-0.49394970817791056
146,50,2,3,1.0070985623775996,1.4623955336742078,1.7012978417022715,0.7508370685685067,1.178388670645075,1.7518300241185696
147,49,2,1,-1.1734780115038068,0.3675271221154834,-1.260027862801273,0.8440456044414079,-1.8012229834695803,-1.301299752236277
148,46,1,3,-0.9920615700753677,-1.4356842600566788,-2.284201896821084,0.9988782546524139,-0.9802241437314445,-0.7890770259069463
149,41,2,1,-0.2894689375377378,-0.044309029916487,1.0745786632376295,0.20755528621866176,0.3578918077449673,-0.11262417459225997
15,37,2,1,0.3509983818053566,-0.9798696881385761,1.5453610543422598,-2.5902316226519777,0.3934918675415183,-2.1943460353132305
150,35,2,1,-0.41447612084577784,0.787974854629881,-1.1449981834351195,-1.5150248966398663,-2.3750449354634724,-0.8311643684194459
151,58,2,1,-0.6707616410287107,-1.1260586123253196,0.9701404062172743,2.3450435856741314,1.0630776777078577,-0.18673040037540198
152,42,2,1,0.7470280674444982,-0.7356056595983044,0.7891013450132403,0.9450929986191632,0.13211333218726348,0.6320365634205669
153,55,2,1,0.5625799933153094,-0.8500080458357073,0.22312327033654036,-2.0949852565049714,-0.20046532276009332,-1.847271260940388
154,35,2,1,0.3443521646485703,0.07584369439672366,0.4221737783732242,0.73415708558507,-0.05187227267341386,-0.2283157660498741
155,61,2,1,-1.378760616184336,-0.40979526701463026,-1.533273193504475,1.1657451851654483,-1.5698398005543521,-0.3788462202632469
156,61,2,1,-0.3047267351769515,0.12722167348906194,0.5308954321180875,0.3676483527630521,-1.0111020715288954,-0.1141809801985559
157,61,2,1,0.08052454822787121,1.0378156160822793,-0.4776087470085767,-0.27808453890797985,-0.7023259581200901,-0.09947735575051786
158,51,2,3,0.11733915033572241,0.19905911954280528,1.7531978208116226,0.6939056614411685,0.8055739506069883,0.26153984602956964
159,67,2,3,-2.0009074370553463,-0.21474239581480475,-2.3210703198389417,-0.9570502790057541,-1.233593842376163,-0.07200751098113387
16,55,2,3,0.7610427756753693,-1.03679654688047,-0.19769142311200208,-2.377946860720369,-0.27398344500028543,-0.9797574185061261
160,51,2,3,-0.4313520714832677,0.5492875590017359,-0.03889233921921661,-0.1078188838357832,1.702495041937326,0.17331809934133885
161,47,1,1,0.04443543490686798,-0.013935971669619596,-0.40756234180988893,-0.5526708567921418,-0.3973032746470393,0.7936903056440664
162,34,2,1,0.6153746669796715,0.3468661967278254,-0.5330267065006586,-0.794222033468716,0.5856076874293633,-0.45834964838135955
163,46,2,1,0.4217663436144408,-1.0608673834283624,1.7077329848636864,0.7391336473571448,0.4052893857995176,-0.9327404389719718
164,55,2,1,2.5472078169159116,-0.2662939800708243,1.3223202713271092,-0.0670937596279705,-0.27398344500028604,-1.3620516541551233
165,58,2,3,-0.02867616868733922,-0.2154646697321019,0.26636410855334347,-0.651447248709412,-0.9660224961214339,-1.6129819718351208
166,35,2,1,-0.040899118756252496,-1.6636242215826276,-0.6226075294990053,-0.6298629552481166,-0.6253136261469094,-0.5517955039067179
167,35,1,1,0.926826355874662,-0.929384373257666,-0.16333871410313847,-1.4294105073233039,0.6358252449690297,0.5034926249366848
168,44,2,1,0.963811348276643,-0.086873970100146,0.19638043131712335,-0.32238250974443255,0.9450680836031535,-0.2900363700320669
169,50,1,1,1.3794356899283327,NA,0.2560173979560535,-0.5565902859445695,1.5573100748787145,0.7633143546846423
17,59,2,1,-1.1285726444045747,NA,-0.8897642995645693,-0.686612378589414,-1.0594683516467922,0.6461520843256556
170,60,1,1,-0.7820981115636914,NA,-0.2262315643279832,-0.026707356227384408,-1.3033232830678918,0.6816660174172839
171,54,2,1,-0.32215135456805727,NA,1.0926623613644963,0.5122283014354826,-0.2981665850592339,0.11353489948584007
172,63,1,3,-2.4707367172043204,-1.2682857417286615,-1.0536418160047003,-0.7452862216674087,-1.2895883606831997,-1.4219209807155453
173,50,2,3,-0.3821409141428219,0.6568701229186702,0.4606200386039973,1.197045752138938,0.3108748282108119,0.3843929504510047
174,34,1,1,0.6841804803326655,0.2989291969278429,0.03507349513190088,0.6953172383011572,0.5528276071179283,0.9057145938708488
175,33,2,1,-0.1292653051201232,1.7619682679580968,-0.008120338555550293,0.5686860084989099,-0.409014666200116,0.06150131613711076
176,53,2,1,1.9918703779401343,0.3341224311678673,2.5136138093250224,1.2910745705995337,2.412524422216949,2.456635295561064
177,33,1,1,-0.025436647821235715,-0.22389943018129585,0.9445174277799805,1.1839464775006994,0.1904611047540981,0.48453359371486515
178,60,2,1,NA,0.900238272377962,-0.8342366075806619,-0.2610579734007598,0.729149722176757,0.5674098532483359
179,57,1,3,0.7197519930321747,-0.4360018571822935,-0.33477123428680755,-0.548806293885629,0.0797861171110585,-0.2731008696418613
18,55,2,1,1.2280140282872762,1.087922652503704,0.2702835377057687,1.8011783707685487,-0.009318204935595039,0.07890354175263446
180,60,1,1,-0.9572123312931566,1.692849527279412,-0.20083757420608994,1.888725041538369,NA,3.401836540304379
181,33,2,3,0.022500351978746762,1.0264885450943446,0.3401400974018596,0.6992836719829364,0.35557380509787784,1.120162276395871
182,47.5,1,1,0.6677524692356656,0.6210553439744747,0.16980000467735087,0.45276160889274786,0.02648977992750793,0.7469673778813869
183,54,1,1,1.2059396231971447,-0.6852939498810761,-0.1349553099083386,-0.9693292710562975,-0.2868357920265533,-1.0367206388765091
184,51,2,1,-0.24456357043850505,-0.11614647597023044,-0.07879718083933432,-0.22027798294703407,0.1880217237893782,-0.6500848697488077
185,55,2,3,-0.5814995755838605,0.18900299122578407,-0.10337088837353517,0.4625523200572556,-0.7739066762335896,0.8287883886025893
186,55,1,3,-1.2831963290405124,1.1917513098025916,-1.1350920644203257,0.4864955905063601,-1.027241123265599,0.9283409283235007
187,53,1,3,-0.3792486036040815,-0.390922884919379,-0.607669982466225,-0.32470837825082866,-0.7815349144227286,-0.23750080984530972
188,52,2,1,0.9670476542731963,0.6635163400754563,1.3987939579706636,1.0215118190168013,0.9620897106982811,0.6239063483933999
189,53,2,1,0.52091093221263,0.15900821143840194,1.3817673924634413,-0.4320890448147326,0.2510916283553132,-0.1753134806377988
19,48,2,3,-0.6456213202361577,1.3156579407338498,-0.4594153163898823,0.42211891212731056,-0.3550436787246946,-0.060971189763927514
190,54,2,1,NA,0.08644849146736083,-0.45274332319650884,0.26917153884020667,0.15764577282995415,0.569347257375028
191,51,2,3,1.5766243147479293,1.1213273434513202,0.35290065123287245,1.3360108402376407,0.1880217237893782,-0.10605076517138894
192,52,2,3,-2.033242643758302,1.3056018124168274,1.0577889477623668,0.7711996306724128,0.09457586826401915,1.844307177580582
193,44,1,1,NA,1.336148475827377,0.19855742451889033,NA,0.7211408854672217,0.5741046409868374
194,45,2,1,-0.4279421603230331,-1.2801646963397628,-0.05281975816170321,-2.196798067024505,0.20466275236410825,-1.1039598235113037
195,40,2,1,0.09829637794634007,-1.2792688172587834,1.2367137437271016,0.21007100022765796,1.8040711124898523,-0.29854718357963006
196,45,2,3,0.3542346878019099,1.0780401293503645,-0.09635231265637849,1.195113470685682,1.3515454593110992,0.5722533635650667
197,42,2,1,0.513542441138545,-0.9574170045889598,0.12885760184398382,0.3646589386901467,-0.07373741008527347,-0.8677331302793442
198,46,1,3,0.11699515487790955,NA,0.08106689738965733,-1.25393144044708,0.3872129299361208,-0.7302625281147928
199,42,1,1,NA,-0.04806293653453389,-0.1990872765388764,-0.413122336137699,-0.4152936038055129,-1.018142206175085
2,41,2,3,NA,-0.4762574385824999,-1.025867091130496,0.23294927634055634,0.19615193881654516,0.3725954321930054
20,43,2,3,-1.0533252871905967,-0.5163083466869037,0.3657709375557101,-2.003125569529588,0.02396385221386643,-1.7698783304468113
200,50,1,1,1.0408815317847004,0.27037896497505515,0.6695766656554775,-0.02331649338478405,1.0867940925414867,0.5574636124121061
201,48,2,1,-0.03855869184067921,1.350680784679742,-0.6117792571212521,-2.0120764266999993,0.15958317695664748,-1.060817652230535
202,48,2,3,-0.12027866104776264,1.3039836594185514,-0.14380429630348085,0.6035045558551267,-0.634412543237423,0.05665780582037867
203,36,2,1,-0.4403387155556283,-0.17183024530378213,-0.4836424414003011,0.09316390565415769,-0.9834247217369583,-0.38057611936738595
204,43,1,1,-1.8250677285390338,-0.5642453464868863,-0.8400804564697864,-1.2064794567999781,-1.258624306180827,-0.5675539571230246
205,44,2,1,0.5085143769800349,0.7886971285471788,0.798580768493478,0.4829697484070741,0.7392173413306172,0.6215883457463104
206,48,2,1,0.13655552788878553,1.21058940889617,0.36770321900896585,0.17906214953203445,0.15958317695664748,1.6740564951045969
207,42,2,3,0.46684531587735434,-0.3270058135628861,1.627103019035756,0.7419410776440067,1.0437380479656406,-0.4707352701823087
208,44,2,1,-1.7796447608183064,-0.156919657991932,NA,-2.0564292637823702,-2.8925778973348533,-2.12798942603686
209,43,2,1,1.374925226391316,-1.1233709750823822,0.15536359083144166,-0.46497531071769427,0.6415160790314767,-0.8729572391164717
21,54,1,1,-1.7126307056272698,1.1942653418818472,0.39106305690233384,-0.5158651617367536,1.4481918928419706,1.3158592728096257
210,46,2,3,NA,2.8733654198269485,1.072883231816327,-1.1908096019068344,1.4492467216102398,1.2875068526818174
211,43,2,1,-1.0299767245600009,1.3048795384995306,-0.7697031921804283,0.6451048288965489,0.11218559890209721,0.8473668213040141
212,44,2,3,0.0999145309446167,-0.5538452227120522,0.6425891148875539,-0.5726946980888242,0.8127354635708087,-0.5547016100967567
213,43,1,3,0.27630290821454573,-1.416467882503615,0.07410318791841307,-1.1049034963124007,0.9763266099210015,-0.05292710144168252
214,46,2,1,-1.81969566892271,0.7603205017580728,-1.1835541761577206,1.5916461728778883,-3.064765983937531,-1.1532948056925467
215,48,2,1,-0.342090006038418,-0.4004614126149066,0.39672492200541604,-0.6008961184975801,-1.0314104033344584,-1.5901481323599158
216,44,2,3,0.7886971285471788,-0.5655195040273502,0.7006325208804556,0.7949530556189224,0.6068847212982723,0.00403611892870017
217,48,1,1,0.6373097499077941,0.7190297191148771,-0.5624419965502485,-0.867169878012982,-0.32900926124397534,0.7590589479108608
218,47,2,1,-0.44464450579684167,0.3375323423281013,0.34119723002150665,0.8780987354558489,-0.6144848099522567,0.650026892579041
219,37,1,1,0.594918414887817,0.39645563252775606,-0.05591104300987677,1.2464378789558503,0.9488567651516174,0.03723204937324032
22,61,2,1,0.7576328645151355,-2.826371499281246,1.2129054525346818,-0.5646738559979304,-0.6729187092240134,-3.260756612078761
220,34,2,1,0.30016907146663474,1.140717326168066,0.6786293936011607,1.3279899981467496,0.35034969626074963,0.12979532954017398
221,38,2,1,-0.6788524060200924,NA,-1.3847189494337058,0.03371678451782638,-0.7292076993465242,-0.22928446811322015
222,35,2,1,NA,NA,-1.279223559793704,-0.24169767767059164,-1.8751217042301689,0.5509763296961576
223,45,2,3,-0.031016595602912984,-0.031016595602912984,0.2083755688063561,0.5892854206347712,0.9986584725581786,0.10173738122784073
224,49,2,1,0.6944069989438179,1.2080753768169155,0.24547298013961197,-0.37486592140952285,1.330649023962586,0.9630584127616276
225,65,2,3,-0.4198513953316516,0.05879413859555251,-0.9737851282351025,-0.8359320390019642,-1.134923878013677,-0.92907313574114
226,41,2,1,-0.7330916275190488,-0.2427718122765471,-0.8735031503991311,1.1834100494743203,-0.06851330124814525,-0.2890676679687202
227,42,2,1,1.0972565069034288,1.2490221640022972,0.6439928300309881,1.0829460878523054,0.6320365634205669,1.4407359080626752
228,48,1,1,0.07694424677350616,2.3767776658871456,-0.9034470067585461,1.6867399856746854,-0.5201563790684743,0.891391567943207
229,34,2,1,-0.762190528225452,-1.12409324899968,0.3013472546473006,0.14535560104137707,-1.8257867220489252,-1.5317142330881581
23,58,2,1,0.6367578662846266,0.19313517630331573,0.8141487526113513,-0.08915175315317962,-0.43669201599205365,0.12204571303340318
230,34,2,1,1.2341115766904476,0.685420354871457,2.0499048601834606,0.6459799777301549,1.0855309186626665,1.012012796422475
231,43,1,1,0.9534112245018099,0.6965770355652607,0.9084771490663734,0.5166841586142854,0.344070758655352,0.27055263641516064
232,34,2,1,0.6387232296102673,-0.02671080536169949,0.19614358128516812,-0.3371302112746141,0.3944605696048651,-0.5465713950695897
233,48,2,3,0.288321184987655,1.3390065033644447,0.9118601501924181,0.07023076329534368,0.674210032637989,-0.8696705344060368
234,62,2,3,-0.5524006748774579,-0.6574692067151368,0.053149331542211346,-0.324132807411648,-0.031183342347454665,0.2628891466133125
235,45,2,1,-2.727775579436672,-2.074015825780003,-0.9162154223061114,-0.4663790258611265,-1.1333670724073799,-1.0451453257191503
236,59,2,3,0.6692666781512652,0.12057545633227457,0.5250437215124053,-0.4217893387468004,0.11682160419627495,-0.6183596182056422
237,41,2,1,0.7028449742625631,0.527730754533098,1.0709509503630739,1.1580160593524245,-0.02440242790402986,0.3578918077449673
238,57,2,1,NA,0.0789063952295951,0.664300525888979,0.09112189170907653,-0.0932845448500436,-2.0488665964391437
239,47,2,1,1.8668631946320948,NA,0.09814046742623317,0.5225828737493254,0.8264703859555012,-0.7468174299846024
24,42,1,3,1.92489060575077,-0.678474127560607,0.4067407735120333,-0.9935563960667163,1.2462159588228194,0.143444125219944
240,60,2,1,-1.4462922719968672,-1.773172148825202,0.1416181556749948,0.8961824335827147,-1.123506958276074,-0.594176478146693
241,49,2,1,NA,2.235412132563109,1.0871023670366864,0.6009888418461343,0.8307257927292828,0.5807641771126312
242,52,2,1,0.6284934961295631,-0.15368335199537925,0.5426537195753645,-0.05591890472643531,-0.3171256162810541,0.44746285501693966
243,61,2,1,-0.970160770148918,-0.9935093327795133,-0.535652153001479,-0.7315486482275209,0.79744373557982,0.9444799800602042
244,63,2,3,-0.09961773566010425,NA,-0.4463630462809999,-0.07996404595081065,0.49292302894479784,1.2722151246908289
245,49,2,1,NA,0.6477098736826271,-1.5611280313894496,0.29988867325795543,-2.080591847982309,1.4776852684429704
246,48,1,1,-0.3433298805772093,-0.2849584740007208,0.3952742023326266,0.5802875589350003,-0.6524889991008198,-0.27019476345182264
247,44,2,1,0.6486057527636068,0.48516581434943906,1.0597760954615323,-0.750452628942083,-0.1282965011036447,0.5480702235061189
248,55,1,1,0.29283164852467153,0.7948257450824714,0.1019580258033869,0.8057343234673197,-0.24794902751956682,0.4431213215382354
249,40,2,3,-0.9757375030610446,0.15666778452282867,0.14839988136019805,0.25723126759688886,-1.2542827727021229,-2.4599799774412667
25,60,2,3,1.0753524921074273,-0.15044704599882655,-0.4823484587486956,-2.0857975493026037,0.6850388488326428,-0.35891848697808
250,54,1,3,0.12023146087446283,NA,1.221809305175736,NA,-0.16920679644224654,-0.24272491868243792
251,55,2,1,0.7960656196212625,1.146294059080192,0.8579730233838974,1.4093853803164624,-0.11224357607186386,1.2993043709398167
252,52,1,1,-0.5518487912542911,-0.5168259473083979,-0.8191893280560562,-0.09001904027022979,0.7528661370103872,-0.055833207631721886
253,44,2,1,-0.9040736621709823,-0.5655195040273502,0.740537362500579,-0.024910054030813766,-0.46647986340852726,-0.31944361892814294
254,54,1,3,0.4704599003333924,-0.6385968246198854,0.44547875002067844,-0.30183010213792966,-0.25742854313047664,0.21308743920675005
255,46,2,1,-1.0141702581671719,-1.2943530097343157,-0.646652670723382,0.10065618143522546,-1.0209621856602018,-1.3738491724131217
256,43,2,1,-1.7654564474237533,-1.952244948468516,-0.8458851625461119,-0.8132357466751041,-1.7257674571026957,-1.7257674571026957
257,67,1,1,1.4300913951033731,2.270639649804805,NA,1.3632352410375204,-0.3400455824611824,2.2771995692896425
258,55,2,1,NA,-1.363676423708804,1.3368311228253367,-0.8325411761593613,0.5641231485378998,0.9611210086349354
259,51,2,1,0.1406877129663172,0.584310402947628,-0.5866769832772226,0.8535250279216483,-0.38541962968411797,0.011578230412917903
26,54,1,1,-0.4634826048904199,-1.0938937959164943,0.4345956113970091,-0.6101856964752199,-0.05157780085793969,-0.3897611631628221
260,61,1,3,0.5696044889315816,0.6980215833998561,1.004675099012181,0.6963195046748898,0.3676657951713506,0.05888968176254556
261,39,2,1,0.03076472213380965,0.04243900344910758,0.36132294209345933,-1.343702108948024,1.1770393700613322,-0.7344318081836518
262,52,1,3,1.0592020302567855,-2.688242271953763,1.2232130203191676,-3.173574983643127,0.8263842592505785,-2.981854472791351
263,53,1,3,-0.6594313551712251,0.5780424642503267,-1.3586065474993902,0.8724368703527627,-1.119718276727611,0.2771260458360317
264,57,2,1,-0.259647762914037,0.7326661488862634,-1.8750984863004656,-1.9621635952898175,-1.004909260628421,1.7887793844988633
265,59,1,1,NA,0.7730953354501526,0.7267449228147715,0.3168133679899046,1.1868133574877155,0.43692851063776056
266,43,1,1,-1.0195423177834948,0.43974284662871266,0.16842372265687744,0.8431783173243581,0.8734012387847327,0.785179492096502
267,40,2,3,0.2850848789911028,-0.6955547514939004,-1.3824949517025822,-1.0378622286197279,1.3776660034967403,-1.1219501526697773
268,43,1,1,-0.16731978176676568,-0.7043367222704574,0.07410318791841307,-0.28504038666266684,-0.27348146816225816,-0.18525972147402736
269,62,2,1,-0.8676062703904944,-0.19049795410322995,1.1777403226546799,0.1837469950262423,-0.6193283202689882,-0.29584858241214507
27,66,1,1,-0.48197670852618657,-0.20179395695904312,-0.6077248487121393,0.23390453818493517,-0.6583012114808974,-0.5406722158965905
270,47,1,1,NA,-0.364164411128549,-1.1730097583412786,-0.5671817082903687,-2.808697684125327,NA
271,53,2,1,0.17068249275369932,0.6376537453656059,0.819471896907207,1.6139410164350492,1.9420084398797213,2.3978207977689108
272,38,1,1,-1.3338520342155527,-1.2521320650084686,0.5800507089030438,0.5147518771610297,-0.17384280173642486,-1.1883928886510704
273,59,1,1,1.146672337539677,0.37616977073003155,1.3942440917331411,1.2781572797473364,-0.1365128428357343,0.7015937507024502
274,45,2,1,0.47097750095488605,-1.4202560721233344,0.5239865888927583,-0.3793139168717735,-0.03059523880450478,-1.1627743213034571
275,42,2,1,0.3501025027243781,-0.338680094878184,1.0321581076085162,1.9862465936168328,-0.014922912293119414,-0.3678098990460399
276,37,1,3,-0.2806526837595078,-0.187258433237127,0.31411567019486947,-0.6182065385661121,0.5224516561585056,0.40482266057419886
277,48,1,3,0.45052124886303163,0.3454527170253529,2.2091306396108017,0.10505717236811901,0.8178734457030142,0.906095192391245
278,42,2,1,-0.011800218049849334,-0.7589542222288997,-0.5567801314471651,-1.3621323895986754,-0.4854388946303474,-1.0882874969999192
279,64,1,1,-0.75713139593482,0.9823365200445306,-1.1649889162503848,1.0987039174727746,-1.5006632117928647,1.6753196689834173
28,63,2,1,-0.8000746145779639,1.1145075211308522,-0.8236451852348613,-0.0436869172052466,-0.903921293618845,0.14003604219187735
280,43,2,1,1.3282281011301253,NA,0.49636860103973846,1.0332701064740781,1.1414393102647813,-0.06425789447436304
281,54,2,1,-0.7540997632340704,-0.14703713483859251,1.2413985892213077,0.5992934104248332,-0.40109195619550264,-0.5628318251239243
282,47,1,1,-0.7844385384792653,-0.04895881561551285,-0.09557903459804053,0.3034693816031571,-0.30908152795880917,-0.5296358946793849
283,40,2,1,0.5769419118735442,-0.3219777494043754,1.0226786841282784,0.06496248524540124,-0.13680731465120846,-0.12210369020316979
284,50,1,3,-0.18491800632155317,0.09526474524559084,-0.28451182035284006,0.17258000184125852,0.16046575231507154,0.0869476300748801
285,37,2,1,0.78294679047137,0.5261126015348219,2.5865146493399327,2.0931456984002703,1.069858592151282,1.3492274566640097
286,41,2,3,1.3449304466039342,1.6601360421169715,-0.7864380414097787,0.41070720719381687,0.03441206988812291,0.7548896678420018
287,61,2,3,-0.7366751438429651,0.2089416426961459,-1.8633950650891031,-0.07493261793282219,0.38574225103474746,0.1798915087622099
288,43,2,3,-0.5396569093174992,-1.0883481311364889,-1.3573926778585572,-1.3936698066041173,0.1562964722462126,-1.96102544827131
289,47,2,3,1.399891942020188,1.1547320343989373,0.5552322896203312,0.823683042337503,1.238171870500575,0.7676558881633477
29,46,2,1,-0.9324502889600879,-0.6055704121317542,-1.0493287997991367,0.452544330267191,-0.8739259411798184,-2.270770263743461
290,51,2,3,-1.096786106455234,-1.785568704057796,-0.8950325776145128,0.04817276977013845,-0.0178290184831588,-1.6499313322154157
291,53,2,1,-0.12117454012874161,1.5832705319047156,0.30433666872020737,0.9754635505131325,0.2657952528033512,2.971262151242407
292,51,1,3,1.3185502512725888,0.8982761239218742,-1.0633580895168941,-0.1673130095014761,0.18464889237401932,0.9345337392239756
293,52,1,1,0.4988365271224984,0.14860808766356884,0.7987706139960766,0.8604417328635325,0.5176081458417736,0.12061028574473771
294,43,1,3,-0.2957368762350402,0.43974284662871266,0.5747275646071915,-0.35033921840468035,-0.36170321485048756,-0.3322959659544115
295,54,1,3,0.026837210352081465,-2.0978819890320928,-0.26192526051780934,-2.0104828660539695,NA,-1.6836801145901958
296,39,2,1,NA,0.953032946042325,0.9453847148970275,2.276755339859212,1.4711118590220993,0.9711886277887946
297,52,2,1,0.8736534037508149,2.2045214736947476,0.8546370267872103,-0.6254698260317803,0.03576137047186573,2.5206739021903455
298,50,2,1,-0.9308321359618117,0.6335215602880743,-1.5019726265309854,-1.3895135274197408,-0.8360078787361779,0.002098714802006809
299,58,1,1,-0.5435844210992279,NA,0.5115978643503863,1.3350886868746787,0.08926563272196829,-0.7194337119201404
3,36,2,1,-0.7438700297533678,-0.008390306889614813,0.49221232185535735,0.6010437080920468,0.8104174609237204,1.6191168055658287
30,63,2,3,0.15721645327644398,NA,1.585156163470552,1.7302646784528093,-0.15403644676888975,3.021946434007393
300,51,2,1,-0.9333461680410673,-0.7115348230504113,-0.7608072012559288,NA,0.5850195838864127,0.8496848239511038
301,47,1,1,-0.7844385384792653,1.2702349730131224,-0.03753562860514084,-0.19352728221106502,0.11732358103430283,0.5290250655793767
302,49,2,1,-1.5353807322780348,0.671058436313223,-1.4740629224000965,-0.2007357034308192,0.4484315570802863,0.13965544367148122
303,59,2,1,0.8210323352501346,0.5058267397370974,0.40532919665204636,-0.43267247737047054,1.3813333067275726,0.23445059978058178
304,42,1,3,NA,-1.9743193535586476,NA,-0.9246298514501445,NA,-1.9591741708495392
305,60,2,1,-1.5280122412039505,0.7951697405402832,-0.34812308239011036,0.1778952844205601,-0.9176562160035375,0.27333736428756894
306,52,2,1,0.23156793140944304,0.6518420587601589,NA,1.101321502257042,NA,0.6680172217375153
307,47,2,1,-1.0400328528770222,-0.2111588794908884,1.338818270524504,-0.6491683847323755,0.355954403618274,1.6204661061495715
308,52,1,1,0.38209371396952124,0.4754879644919025,-1.3633462592395098,-1.163822051138908,0.00298129016043087,0.7234588881143099
309,53,1,1,0.753156683979791,0.3679054005749682,-1.3477234088757215,0.585847553262813,-0.6197950454943071,-0.825645787766844
31,35,2,1,-0.3561047142692897,-0.5779160592599447,0.9010318778146611,1.6809901458442777,1.33026842544219,0.06575672291089232
310,55,2,1,0.7610427756753693,NA,1.3839913901945664,1.775784380646653,2.8725921868799196,3.3578117936651855
311,67,1,1,0.20429185699711944,-1.9204273423870541,NA,-0.5376863052300062,-0.016565844604339255,-1.3840029182719047
312,58,2,1,1.5823746528237372,0.07639236315033952,-0.8437160310609003,-1.06137880353428,-0.7895790027449743,1.0483740532598185
313,63,2,3,0.519119174050672,0.5307934553659693,-0.5805884226395858,-2.4960208204053385,-0.6833669268982698,-0.6392560535541552
314,68,2,1,-1.8750043746663279,-1.8516558120357325,-0.2884391112218238,-1.1554624882407898,-0.25367511319472236,-1.268225200109368
315,36,2,1,0.7037408533435426,0.7854608225506255,-0.5162918572713076,0.31808210387665176,-0.2776507482311171,0.01642174072964935
316,40,2,1,0.44852481740526967,1.0205646018548549,-0.34134135670491017,-0.6025366836729675,-0.03388194351494031,1.0100753922957817
317,54,2,3,0.21486558593563546,0.2732369925121235,-1.1927967496060015,0.04062562774315631,0.0841276505897627,0.27527476841426096
318,65,1,1,-2.6742275637228916,1.4584680218924793,-0.12272332238715059,-0.40931263947710383,-1.71173806290253,0.023289621965994583
319,65,2,3,1.226222270125318,-1.0619368676730234,0.676824229688036,-0.012441216477671109,0.9971016669518828,-0.502668026748028
32,41,2,1,-1.141691473554467,0.6794964116319673,0.14951188022575945,0.7952447718967894,-0.8183981480981011,0.06381931878419962
320,37,1,1,-0.4674411848042704,0.6416155401490066,0.36490365043865725,0.9344545717440047,-1.0214289108855208,0.7577096473271192
321,61,1,1,-0.4927551107605065,-0.22424664050865944,NA,-0.7039776649038576,1.0881433931252296,-0.7204024139834863
322,38,2,3,-0.6671781247047945,-1.461029254145036,-0.847817443999369,-0.3617039188088156,-0.5527642059700646,-0.552764205970064
323,57,2,1,-0.15457923107635824,1.0361974630840023,0.43575461479192945,0.6824390902617623,-0.6814295227715772,1.2447452799214451
324,48,1,3,NA,-0.3783527245231026,1.1969987476095818,0.7979503314083817,1.1119459346637812,-0.5054527546204357
325,64,2,1,0.7150679243314764,-1.2695598992691257,0.9260244191668611,1.1581980431384662,-0.6738874112873601,0.9582149024448956
326,63,2,3,-2.037548433999516,0.40237636089769474,1.0301160936634304,0.6927387963296926,-2.1390257472540664,0.3458867844644136
327,49,1,1,0.027733089433059892,0.7165156870356215,-0.2420912647237262,NA,0.8714638346580392,1.3566834414433047
328,35,2,3,NA,-1.3600929073848882,-1.369916381657613,-1.7109213918659107,-0.18420489270575938,-0.8458679928674845
329,58,2,3,1.6173974967696305,2.247808687795704,1.0426946637084022,2.0838482587060763,0.9454486821235509,1.3130392933245094
33,62,2,1,-0.5173778309315646,-0.33058932988680195,-0.04842662894536688,0.70976536183691,1.100995740151497,0.30700001995742776
330,44,2,1,0.5902343461871177,-1.2076049763687215,1.683742709885225,-2.564309066220259,1.5479166859727254,0.09225786561692964
331,56,1,1,-0.8304133898231587,-0.3167450119500617,-0.11822046067898753,0.3171050842677755,-0.1502477652204263,-0.09143326742827351
332,66,2,3,-0.2005540824202518,0.9902226117401092,NA,0.28977095097606725,0.37432533129714435,1.1683210514912148
333,58,1,1,-0.18168170032500047,-0.2634016695320839,0.4172773296119221,0.3773724879918024,0.1921910038582371,-0.1901032317907595
334,68,2,1,1.043565954158087,0.0629263236730842,-0.5097295965697596,0.7200650679048456,-0.694783846635873,1.0255402137846135
335,57,2,1,-0.5865276397423718,0.8027118367780499,0.6316511100179732,-0.8121786140554533,1.5241141444341737,-0.29913528712258053
336,57,2,1,0.6509461796791794,-0.6565733276341579,0.6570451001398652,-0.754135208062553,-0.24032078933042716,-0.7990585183558839
337,68,1,1,-0.8138846495130321,NA,-2.539071813119547,-0.5946177123573452,-1.3157089048688408,0.007617295454609875
338,58,2,1,-0.3205332015697806,-1.2661499881088918,NA,0.04507362320540566,-0.5690246360243991,-0.40728476709597694
339,62,1,1,-1.1957260217576207,-0.8104747383527974,0.12062515648599309,-0.27116783396609007,0.25951631519795487,-0.358035911619656
34,64,1,1,0.16513682797369447,-1.0139655848713687,-1.8252326594196406,-1.4842276492113444,-0.6478529938066409,-8.935180929545461e-4
340,50,1,1,0.5155388725963069,-0.4417521952581013,0.4192644773110915,-0.44050347395876494,0.9250542236130644,-0.13360673664569558
341,60,1,3,0.16351867497541947,0.6071413649567292,-0.6470462577765193,-0.57811971315995,-1.1709906630355469,-0.5975493095620512
342,56,2,1,-0.5022936384560321,-1.9849273654988353,-1.321170415358906,-1.8689550594169144,-1.7495699986412487,NA
343,65,1,1,-0.2926741754021693,-1.9854449661203297,-1.4722325117221144,-1.5810638979588019,-0.10904299806635027,-0.41781911147515605
344,55,2,1,-1.293630735817018,-1.2119107666099347,-0.6838049483025508,-0.39721563121259895,-0.435723313928707,-0.15635444941597923
345,46,2,1,-0.38375906714109803,1.3907316927841453,0.3400852311559446,1.1526929150565688,0.3170676391112869,1.4345430971622004
346,60,1,3,NA,0.8523012725779802,-1.4270045258061343,2.110015526886306,-2.229651623294307,1.25510737089078
347,66,1,1,-0.9489479611380933,-0.45862814589559175,0.1831165579411448,-0.016407650159453408,-0.46715409365639904,0.3268416265376714
348,57,1,1,0.556312054618007,1.396860309319439,-0.24770612529745253,1.0872922125392837,-0.008435629577170969,0.5355984750002477
349,54,2,1,1.043739559321769,1.989356345860879,0.6827308065396306,-1.5374294726888569,-0.20994483837100375,2.774890924580779
35,58,2,1,2.1777629999039174,2.0610201867509415,1.4199768026622621,2.787624556370005,1.0777813021558957,2.7539944892322663
350,33,1,1,-1.7649045638005867,-0.9360305904144529,-0.9781703957348844,0.1681868726249222,-1.0446433488811224,0.38160822257859645
351,63,2,3,2.8306268744796075,2.7839297492184167,2.6480760357155626,1.5597621733486575,2.0809144693329373,1.9632854737486318
352,31,1,1,-1.8065736249032667,-0.6975168999499889,-2.297254166929964,-1.4302307899109996,-0.46075377773337106,0.11268757574012382
353,32,1,3,-0.057945459687872874,NA,-0.4460086020406622,-2.433995257297544,-0.21601627095384754,-1.4364171001410293
354,44,2,1,1.4307826008885496,2.481467919265338,0.19275271844256772,0.04038877771119913,0.37162673012965874,-1.9368423082123616
355,30,1,1,NA,NA,0.6509644012187863,-1.4277150759020034,NA,NA
356,35,2,1,1.0564833248817267,0.42607213385565323,1.1114392245389286,1.7172672745898405,1.1391213076176918,0.4774582074559662
357,29,1,1,0.19475654417114305,NA,-0.8084881732184312,-0.39130119264445046,0.4907264046153388,-1.714817262590412
358,63,2,1,0.5774905806271601,0.4840963301047787,NA,0.27555181575571314,0.5664411511849893,1.4486586180672891
359,45,2,1,0.26084043727952844,0.7745088151526257,0.8432253218537166,1.0391218170797578,-0.23644598107704173,0.63106786135722015
36,53,1,3,NA,0.2628368687372894,0.839787454481757,0.2267039786817331,0.777049277069335,-0.17868631205315696
360,47,2,1,0.03400102813036187,0.06902387207625514,-2.082114970182133,-0.9466408404459952,-0.08515432982287599,-0.9820754211532154
361,52,2,3,-0.8191173869673457,2.1461500671182594,0.17625471924517325,NA,-1.1405285853712013,2.2560086621256548
362,63,2,1,0.3790277982670999,0.7993019256178149,-0.007409788459681305,-0.1488905905673824,0.7575882690094875,0.40470128225656704
363,35,1,3,-0.3923674327539738,-0.9877557798341541,0.7508449302850647,0.8161437620270776,-0.9962770687632255,-0.08465235298484872
364,68,2,1,0.2030176994566552,-0.20558214657876242,0.5677011271734758,-0.5895392798099995,-1.0623744578368317,-1.2976324490054447
365,47,2,1,1.0963606278224494,0.5710179686340546,0.3919852102652997,-0.4786658796282243,0.5471015214427722,-0.46744856547187325
366,49,2,1,0.9395669065650686,0.9745897505109619,-1.4740629224000972,1.4825230703633268,0.007322823639135697,0.41902430818420894
367,63,1,3,-0.13588045414478878,0.9965248334390838,1.1882847404711216,0.41558189819062225,-0.45148176714501437,0.04844146408828908
368,36,2,1,-1.1057727505275952,1.7194033277744378,0.5284894506009227,1.722006986329961,-0.806981228360498,0.6339739675472602
369,60,2,1,-1.4462922719968672,-0.2788641404671012,1.2263043051673437,1.737811820479789,-1.0352852115878444,0.626224351040488
37,55,2,1,0.7960656196212625,-0.2896425427014196,0.3319546565732272,-1.445624651959385,0.06419991730459643,-0.27398344500028543
370,38,2,3,2.3214378920114056,0.8621527275991993,-0.7788908993827967,0.5307134483320467,-0.126359096976952,-1.6996469129170548
371,46,2,1,NA,-0.5471990055552649,0.0027079338222061014,-0.8534323045730922,-0.7121860722513966,-0.12404109432986313
372,34,2,3,0.28849479015133733,-1.0540475611078934,0.38115693788754185,-0.932075122701857,0.7326439319097461,-1.5023069841920822
373,34,2,1,-0.6571219963877732,0.8722088559162195,-0.5221435678769892,-0.725295488852145,-1.0170873774068165,0.1003880806440979
374,49,2,3,0.4375728100072699,-1.4653350443862483,-2.5007056658995457,-0.3385887926639601,-0.05149167415301707,-0.727858398762782
375,54,2,1,NA,-1.2560938597918698,0.3997692023242351,-1.0005279672545158,0.8928269952318711,-1.1362731785974198
376,33,2,3,-1.1916249048122103,1.516808360336846,-0.9513256859402003,1.609839603496583,0.34087018064983987,0.9290151585713726
377,54,2,1,0.6117911506557555,1.3355965922042106,0.23652212296919825,0.3707474993277849,0.14294214838191613,3.289517780262123
378,38,1,1,0.020364598358975996,-0.08470393347870275,0.22090713432196643,0.025010639095923867,-0.27676817287269295,-0.3355826706648464
379,40,2,3,-0.46206912518794746,-0.29862918677378003,-0.5045884360599437,0.15928301998386624,0.5836702833026699,-0.3279544324757074
38,57,2,1,-1.508795863650887,0.34741486548144085,-0.5255892969655026,-0.7650183466862205,-0.6814295227715772,-0.04917367150592887
380,29,2,1,0.6629676713218405,1.013196110780771,0.5932597160331115,0.47717290404730683,0.03828687814150895,0.5382101093748117
381,31,2,1,-0.416094273844054,0.20264263586672168,-0.8809954261802003,0.4648860502802057,-0.19271570625332315,-0.6044171907983965
382,51,2,3,-1.3886431393376757,-1.86728867326488,-0.0352646263446597,-1.152600191708014,-1.8410784500399138,-1.7969675766957984
383,53,2,3,2.1903331603001943,-0.34298588511939754,-0.11285031185377431,0.40954034208233864,-0.07238810950153066,-0.337053349566221
384,54,2,1,-0.1937342600997832,-0.01862004037031792,0.31633180620943885,0.5158560143100382,0.55464363292699,0.1282385239338781
385,61,2,3,0.2789873305879314,NA,1.0750523633015396,0.13910244166600239,0.8709618578200127,1.1797379712288178
386,62,2,1,-0.9376519582822809,-0.8792805517057923,-1.16576219430872,-3.161004275314714,-1.7662110272159794,-2.5013922496178966
387,29,2,1,1.3400759876091046,0.9898475481501752,0.6259091319041185,-0.839686869416649,0.7293572271993114,0.3323593671022754
388,54,2,3,-0.8941911390176424,-0.4739170116669267,-0.8082591849030301,0.45055718256802413,-0.7245716940523459,-1.1803840519415347
389,32,2,1,NA,0.07171150931919203,-0.08178659491223839,0.0705773458191276,-0.21264343953848938,0.1990580450065839
39,52,1,1,0.4404651205460103,1.3744076257698226,0.3054016630564123,0.8967188616090966,-1.2174195390267513,0.9587168792829233
390,46,1,3,-0.2565818472116153,NA,-1.2938362820672002,-1.0217578164754748,-1.1419640126598667,-0.15682117464129797
391,68,2,1,-0.6492048365600733,-0.5324620234070971,-1.5291169143200933,-0.7419032205413676,-0.7683019688760645,0.01099012686996737
392,59,2,3,0.7393123660430507,NA,1.0256680982011823,-0.5197375863598223,-0.08902913807626138,0.8667064510462299
393,28,2,1,1.109104393382407,0.15181332552799978,-0.6993180661745119,0.3382078159486025,-0.35348687311839816,0.7492849604844775
394,47,2,1,-0.17613603554499513,0.9912920959847705,0.37021893301796077,0.972419270194316,-0.7615210544326398,-0.39393044323168114
395,56,2,1,1.6107512796128434,1.295545684099806,1.1892068938340872,1.7515023893903217,1.6910781221997244,0.8382679042135006
396,61,2,1,0.06885026691257382,-0.47984095490641626,-1.4462080845151222,-1.6457322926157216,-1.996244909547464,0.9297763556121661
397,36,2,3,0.16672391283984997,1.9178661101344978,1.555132194100366,-0.4763870156511879,-0.9540174728408809,0.8251210853717584
398,63,2,3,-0.37980048722724824,NA,-0.8998271556005436,1.90802260930607,-0.8009959224825768,0.08122154439972397
399,43,2,1,NA,NA,NA,2.5133769592930677,1.1855501836088953,2.3618401394519624
4,37,2,3,-0.71136121788673,NA,-0.5405738485276401,0.9068835884203446,0.05530850523663586,0.20234474971702004
40,45,1,3,-0.5926219732759923,0.49308618904669066,-2.6879900247624002,0.5878347009619825,-1.607255886159965,0.4365479121173644
400,61,2,1,0.6875871766233489,1.9600838399907945,-0.5610461431233729,-1.8706504908382144,0.4298531243788616,0.37103862658670816
401,28,2,1,0.023396231059725155,0.3035789826268692,-0.09711772899815911,1.3176902920788178,-0.1917470041899765,0.7345813360364396
402,29,2,3,-1.0181288380810216,1.2700302997173192,-0.3753396214734352,-2.2037069102498372,-0.43222910419571775,-0.09404574189083656
403,28,1,3,-0.024540768740256798,0.5124761717634355,0.198904007042671,-0.6354699541052873,-0.018676342228874408,-0.3715633289817943
404,43,1,1,NA,0.41639428399811784,0.6182601191018668,0.6291432577255337,0.31466350975927604,0.9469193610249241
405,30,2,1,-2.5733222850948656,-0.6120430241248592,-2.3114262976209643,-0.7986700289309635,-2.5106642602062523,0.20950626268084033
406,30,2,1,NA,-1.6043569359251602,-1.6693211188244899,-2.1989671985097177,-0.8932655709220354,-1.8342975355964888
407,60,2,1,-1.9716349311852615,-1.5513608038345459,-0.689128092598407,-0.3336122308918866,-1.3440613249966489,-1.6528374384054543
408,48,2,3,-0.5405527883984786,1.8176520372916487,-1.007199960447891,-0.9455288415804318,0.24780492364487697,2.115165228545747
409,50,2,1,-1.199340606213658,-0.44051232071931,-1.0231145270895483,-1.03036995283866,-1.4829673544498654,-1.1300803676969449
41,56,2,1,0.05807186467825486,0.11644327125474292,1.9002386172471308,0.3330666554387919,-0.6615017894864109,-0.32331842718152837
410,50,2,3,0.22492171425265672,-0.17200385046746447,-1.4983449136564297,-1.3786303887960714,-0.3948991452950278,0.4873183215872735
411,55,2,1,0.2473743978022732,-1.363676423708804,-1.9934092960173937,-2.976519485022164,0.7993811397065133,-1.9943075054207715
412,50,2,3,-1.8647746411856247,0.8319843426481345,-0.6603432396339133,0.10147646402292114,-1.4829673544498654,-0.4537136430871812
413,60,2,3,-1.1194123951685324,-0.8509039249166862,0.573315987747202,0.2939820964063621,-0.3295112380820033,-1.3881721983407642
414,52,2,3,0.11482511825646684,0.4183564324542058,1.696266413684279,0.5716754225718159,2.270712286573694,0.9767933351463204
415,46,2,1,-1.177610196581339,0.7019490951815837,0.30743581528493885,0.049868201191439566,0.21414226797501934,1.331617726025933
416,55,2,1,0.8427627448824533,1.4031282480167406,-0.6185061165605379,-0.05258290812974539,0.46119777740163104,2.0344855933417336
417,59,2,1,0.9494494297184082,NA,-0.33835194263200485,1.6278684353775361,-0.17725088476449216,-0.10373276252430008
418,64,2,1,0.39986232881843914,-0.41733736325239656,0.8099376071810591,NA,0.38477354897140076,-0.29159317563836284
419,51,2,1,-2.2525399566697026,-3.1981567432088127,1.9382111774139956,-1.5806703109056646,-0.5618631230605776,-1.649931332215415
42,39,2,1,NA,-2.420834354078699,NA,-0.3859859100651481,-2.08716525740318,-1.3960949083453775
420,29,1,1,-0.6691402731608834,1.0002819549266824,-0.3804180540207797,-0.07931788543260312,-0.5826381800914595,0.6230590246476849
421,60,2,1,-1.5630350851498434,-1.7264750235640103,-0.010745785056369339,-0.49685931024692326,0.9938149622414466,-0.22658586694573452
422,42,1,1,0.9092281313198738,-0.38661709467816546,0.04759719893095522,0.02945863455817321,-0.07711024150063099,0.1875549985640594
423,63,2,1,1.8032901187334136,-0.43817189380373633,0.6419508160859035,-0.09084718457447948,2.007396347092746,-0.4775161846257328
424,64,2,1,-0.9076571784948977,-1.0594228355937676,-0.20219428482016386,-1.2651141570651736,-1.2032178914167402,-0.49744391791089987
425,27,1,3,0.2931788588520356,1.2271213640758485,-0.38264205175190635,0.3936885034031547,-0.23400660011232113,0.1923985088807902
426,26,2,3,0.5070698291454395,1.195852426748002,1.0433878287559677,0.23440785772990097,0.4950679380940443,1.818394138417494
427,30,2,1,0.5086879821437167,1.419281924736933,0.6886922496371404,0.9571430023543084,-0.7903401997857666,0.6065041227778762
428,27,2,1,-0.7796151476165577,-0.884683679454237,-1.0523182138720413,-1.3534183824602193,-0.09830114866461812,-0.6864461265861517
429,56,2,1,-0.03532238584412648,-2.3118072423271694,NA,-1.7637513860547813,-1.543719256368711,-1.411386636336366
43,35,2,3,0.37937500859446255,2.8076255221763753,0.9808415610549004,0.7232739469614006,-0.7282389972831775,0.4921618319040042
430,42,2,3,-0.24528584435580267,-0.12854303120282604,0.10709132459664554,-1.3548769638495624,-0.11784828342938887,-0.6471787635587689
431,63,1,1,0.1326280161070579,-0.2993203925589555,0.6078506805421077,1.3043715524569264,-0.7749615050018577,0.31310670415297875
432,27,2,1,-0.3243181763199493,-0.3243181763199493,-0.31952021321165824,NA,-0.01007940197638863,-0.2600410175930403
433,33,2,1,0.7229572308966058,NA,-0.6212038143555719,-0.7264074877177069,-0.012016806103080691,0.8260897874351052
434,26,2,1,-0.5436154892313496,-0.18171276845712162,0.4121657885831596,-0.044926033610936465,0.480364313646005,-1.166441624534289
435,63,1,1,-0.21760042335187219,0.5879249874036662,0.0020226304911981586,0.9597388293740732,-0.26033464932051603,0.8865480576264748
436,63,1,3,0.7747134884484278,-0.8947087396391364,0.6477555221622285,1.2463281464640246,0.01903421519221302,-1.6424753474361193
437,27,2,3,2.1739780251537497,-1.0948207431295944,1.01185041175052,0.010601658372969548,1.2985431738990245,-1.362812851195916
438,60,2,3,1.0753524921074273,0.6317298021261164,-0.15222658716406845,1.15012233480166,0.6262243510404893,0.6997424732806808
439,51,2,1,0.9345388424065586,0.8644931545147722,-0.2456719730689241,0.7229273644376174,0.8643884483991418,-0.47364137637234754
44,56,2,3,1.2254999962080206,0.9920143699020672,0.06461590272161799,1.2254840225796524,-0.8379452828628705,1.5293382532713022
440,31,2,1,0.6229167632174372,0.2610140424432103,-0.518224138724566,-0.8592291489328627,0.2483930271878275,0.07194953381136722
441,57,1,3,NA,1.3851860280041415,-0.828140185226469,0.44518703374280894,1.197261575161972,1.1825579507139339
442,25,2,1,0.14768114045046812,-0.28426726821554543,-0.09682601272028955,-0.6736323597747484,0.08859056238609861,-0.9406631489765855
443,49,1,1,1.066744126494552,NA,0.697486369786367,0.9405431323816428,0.23920798339239122,-0.8488602257624459
444,56,2,1,-0.1754137616276985,-0.43224795056424664,-0.41424219671981827,-1.1216462072583075,1.8381143666801072,-0.014542313772723272
445,25,2,1,0.13600685913517072,-0.03910736059429454,1.074925245761409,0.26231756186078714,0.17681230907432807,0.13270143573021334
446,34,2,1,-0.6454477150724758,-0.003362242731104153,-1.2912186972829351,0.38478465076209684,0.42386781850094113,-0.517164146173513
447,31,2,1,-0.5678599309429234,0.06255126008315016,0.06583763407900929,0.5156740305239954,-0.5897135663503584,-0.8543788064150483
448,25,2,1,-0.36598723742262873,-0.027433079278997137,0.15348617562409897,-0.3108610723191134,-1.2641428868334288,3.688156978678311e-4
449,25,2,1,0.381166766756421,-0.5994728637285828,0.6649936909365444,0.5670454433235211,0.6914391647556707,0.8531790336840918
45,37,2,1,0.05914134892291563,0.8996896036243471,0.35547123148777715,0.76177507343809,-0.7092799660613573,-0.7239835905093961
450,25,2,3,0.7664180501612442,-0.5877985824132848,1.5029953649590615,0.5380237403270717,0.17681230907432807,0.4855884224831331
451,26,2,1,-1.0572838671044462,0.06344713916412859,0.829352769157142,-0.30974907345355074,-0.22540965985983474,1.1420274138077304
452,37,2,3,7.699423464270393e-4,0.152535599445297,0.649315974326841,0.15231931051262199,0.378788243093479,-0.2534676081721693
453,44,1,1,0.6123430342789221,-0.08811384463893782,0.20218513739344784,0.5468178604763008,-0.2640019525513477,0.04477416085745675
454,62,2,3,-0.015383734373765742,1.35050717951606,-0.5708172828814784,0.8875232926901718,1.6597334691769547,1.2186247357358038
455,24,2,1,-0.18835898561390893,-0.09496473509152811,-0.018128328345611667,-1.3640098048060179,0.9907357625535647,-0.6854774245228057
456,56,1,1,-0.8304133898231587,NA,0.7524306292145369,0.2989665198949935,2.0847031508814013,1.6730016663363276
457,30,1,1,-0.0996145207905534,1.4647391754593335,-0.4917651542664647,-1.1846583133067279,0.838389282531131,0.7648711602909396
458,52,2,1,0.4767278390306938,0.2665907753553363,-0.3062310930708226,0.5100043037043561,-0.2730147429369394,0.6974244706335914
459,53,2,1,0.2524024619607833,-0.5998200740559458,0.33335837171665755,-0.36316250019816027,0.19227713056315973,-0.6311258385269882
46,40,1,1,0.4005878176052878,0.21379931656052492,1.7358874007430911,0.752777211738319,0.1685959673422385,-0.1548837705146046
460,25,2,1,-0.4827300505756054,0.8247894567377323,-1.9614704302422536,-0.8659011421262354,0.5296992958272485,-0.11726017988643835
461,28,1,1,0.2789905454574826,-1.0635518058017481,-1.0272629445573722,-0.4649674490011385,-0.8567829357670598,-0.5038959490141398
462,50,2,1,0.061481775838489405,0.08483033846908473,-0.4608190315333138,-0.29394423930372093,-0.24786290081464424,-1.791743467858671
463,32,2,1,-0.8505567145893226,0.01334010274270391,0.11048218743924788,-0.6803592192140369,-0.06560719505810651,-0.7419739196678696
464,53,2,1,0.6143051827350111,0.38081955642905796,0.3950294905841174,0.4059126292077856,-0.6752367118711022,-0.08709173394956868
465,25,2,1,-0.34263867479203336,0.9882293951518991,0.21878500736611187,0.4473309184631629,-0.41133266884720554,1.2795841426772037
466,24,2,3,1.5160860864195493,-0.03659332851503899,-0.377271902926693,-0.3047176454355649,0.21144366680753365,1.5347698671309833
467,59,1,1,1.5435979022597972,0.9832323991255102,1.949284161540264,1.53572489384084,2.0102163265778636,0.8633336196308725
468,26,2,1,-0.5669640518619444,1.9313321496117544,0.5899237194364247,0.07478849124942112,-0.9311836333656759,1.5096180250086888
469,24,1,3,0.5108580187651595,1.0478749592688514,0.4012356454301343,0.07111377384550835,0.20807083539217486,0.13455271315198344
47,50,2,1,-0.9074835733312163,-1.6312890148796715,-2.2057489241949186,-1.846605349613838,0.07561683704219958,-0.9389332498724466
470,31,2,1,-0.2760028980604819,NA,-0.1264311482724795,0.533812594896778,-2.295334002322806,-0.5161954441101664
471,44,2,1,1.0572055987990243,0.42679440777295097,-0.3550319256154422,1.0597760954615334,-0.31944361892814294,-0.05477837886345325
472,50,2,1,-0.4872094459805007,-0.03191247468389193,-0.6893649426303629,-2.0678958349617784,-0.7477861320479484,-1.1300803676969455
473,42,2,1,-1.7279195713986053,-0.0701716246263374,0.2921046811990187,0.0018876512345110848,-1.4117672348567623,-0.3972171479421166
474,47,2,1,0.9095721267776866,0.057349590760957206,-0.40973933501165716,0.4609117548818669,-0.20278332540718283,1.0617283771241148
475,29,1,1,0.34652220127001304,NA,0.2616871247756942,0.3451245208904923,0.02021042227811278,1.961088849419173
476,39,1,1,-1.2546460970877242,-0.3907492797556971,-1.3270142642480314,-0.677653659702444,-1.046580753007816,-0.3702140283980519
477,45,2,1,2.455605324555488,-0.10106228349469899,-0.30675965938064675,-0.3901970554954423,-0.015891614356466095,-1.1186634479593418
478,57,2,1,-1.053498892354278,-1.7889786152180305,0.45026546629015324,-1.497816347346605,0.5830821797597207,-0.38735703381080994
479,26,2,1,0.46037270388424933,-0.27510701897950296,0.6733611155512184,0.5064863233216266,-0.034262542035336456,-0.2548169087559121
48,67,2,1,-3.098289880693326,-2.246067344676597,-1.4032589625761833,-3.0574960333738805,-1.6011844535771218,-0.11611838432524926
480,43,1,1,NA,-0.6109424717480766,0.2083285642769971,0.6400263963492031,0.6528468720641571,-1.1704025594925962
481,32,2,3,0.9005854827053256,0.10673435326508526,1.3185105746665116,0.5312968808877845,1.1106827607849612,-1.2566007753492123
482,50,2,3,-1.8997974851315176,-0.03191247468389193,-0.9360494181001945,0.6238671179590365,-2.232852201299821,1.0607596750607682
483,61,2,1,-0.6432808933205838,-0.09458967150159352,-0.9854885494464646,0.41118090725772866,-1.8639122895151192,-0.6288078358798986
484,50,2,1,1.6141611907730773,1.5441155028812918,-1.2262664480647034,0.8125081874359641,0.5020219460353115,2.222346006455797
485,57,1,1,0.953237619338128,-0.07409913640806615,0.12594830078185054,-0.030043352824072406,0.4914876016561323,-0.17017549850559321
486,60,2,1,0.958609678954451,0.37489561318956827,0.26858810628446883,0.3084929479045872,0.4938917310081432,0.42037360876795177
487,41,2,3,-1.702056976688755,-0.13770328043886837,-0.4962210114452704,0.1567673059748733,-0.1714386723844134,-0.5537329080334107
488,51,2,3,3.432835043880257,0.45589330847935455,1.796730375306299,0.3855500671038783,0.20272534823741623,-1.267637096566418
489,67,2,1,NA,-1.2420791515609981,0.00429363275167927,1.0055423861292307,0.2808794757717866,-1.4688518335447767
49,68,1,1,-1.0356959945036874,0.3301949193861385,-1.682931574724249,-1.4543856636272003,-1.0510436648041506,0.8163166400967182
490,25,2,1,NA,-0.40101008136852195,0.8790287505353689,0.6214611364418665,1.2354732693330897,0.14740506017825203
491,25,2,1,NA,-0.027433079278997137,0.8790287505353689,0.9334444436537136,1.2354732693330897,0.3973666757949037
492,25,2,1,1.210040740142555,-0.40101008136852195,1.811350959296349,0.6214611364418665,1.7353965005663927,0.14740506017825203
493,25,2,1,1.210040740142555,-0.027433079278997137,1.811350959296349,0.9334444436537136,1.7353965005663927,0.3973666757949037
494,47,1,1,-0.4809072242815262,-0.8661585076863487,-0.6397359657814937,-0.9916241146134592,-0.05911991234215744,-0.7795975102960366
495,55,2,3,NA,0.5158828680541188,-3.1216280000044194,-0.9486279881451652,1.196378999803548,-0.7592030517855509
496,61,2,3,0.7809814271457303,0.7576328645151355,0.7267919273441299,0.43657489737962063,-0.12888460464659457,1.0327017267484335
497,47,2,1,-0.7248272573639855,-0.2111588794908884,-0.2936525230258539,-0.8378094542093063,1.7675023506299545,-0.7762246788806785
498,59,2,1,0.8677294605113253,0.9494494297184082,-0.026368635420156473,2.030544564453292,-0.39780525148506646,1.3078151844873813
499,55,1,1,0.4679458682541368,0.23446024194818343,0.41394133301523345,0.7005306501051871,-1.3948317344665573,-0.49791064313621863
5,48,1,1,0.7307040004301745,0.47386981149362645,0.6782358065480242,1.3058301338462701,0.6120227034304779,1.332500301384357
50,66,1,3,-0.7504851787780332,-0.0266797372295783,-0.9958901262896669,-0.8181321954364057,0.268027128745518,0.6650249888425526
500,32,2,1,1.2391396408489577,-1.0256709343187873,0.06332192007001376,-0.8182123084471783,0.11083629831835438,-1.53596963986194
501,61,2,1,-0.04789254624040335,1.2713012423882317,1.0532860860542022,1.862266057080268,0.5033712466190543,1.2973669668131247
502,57,2,3,0.34741486548144085,-1.5788415515426728,-1.4470283671028166,0.41036062467003626,0.039048075182301904,-1.8283122297185685
503,57,2,3,-1.0418246110389806,1.2813573707052541,0.8166644666203461,1.077859793588403,0.3331205641430689,-0.24032078933042716
504,61,2,1,0.39573014374090754,-2.5345144663988046,-2.070174698938816,0.1499855802896706,-0.8787694514965505,-2.1579847784758863
505,68,2,1,1.1836573299416593,0.34310907524022716,0.21944069121606838,-0.20862942798158196,1.0696510871287275,-0.2242678642986463
506,58,2,1,NA,-0.8108530168122823,-1.935657606302361,0.23008697980777948,-0.5249137626802838,-0.7895790027449743
507,27,2,1,0.20102448286844604,NA,0.968317857255846,0.4314163518215049,-0.1277083975606948,-0.3776700131773472
508,30,2,1,-0.9389229009531934,-0.46027736702598904,0.4601463385400887,0.2715052690631561,-0.04045535293581136,0.34183888271318524
509,38,2,1,1.6326552944088437,1.5159124812558666,1.423130815472906,0.8535798941675605,0.7117474965612332,-0.4204315859377191
51,59,2,3,-1.7589838354306482,-0.428115765486715,-0.8970197253136818,0.25659296879523863,-0.07432551362822337,0.013896233060006114
510,46,2,1,NA,1.6125430377748013,1.5771353213796606,2.491318965767862,0.6552510014161693,1.8903554550513895
511,44,2,1,1.442456882203847,-0.07519968878484806,-0.6198549654580545,-0.7504526289420836,0.13636873896104504,0.07755424116889162
512,27,2,1,NA,-0.5811523652564975,-0.907209698889786,-1.0124133722519217,-0.49529900876165406,-0.4217808865214613
513,27,1,1,0.6434072983109657,-0.2088152377057639,0.3864330776540415,0.4589873351451676,0.6482108667699794,0.2218057577768675
514,25,2,1,0.5329324238552909,0.6029781117470764,0.6250888493164222,1.1112023745069741,0.14740506017825203,-0.3378145466070134
515,25,2,3,0.15935542176576553,-0.8329584900345356,-0.9856156669865955,-0.36527676543746085,-0.10255655543840034,-0.8671450267363942
516,24,2,1,-0.6086331129646241,-0.30510179876688565,0.34827067198457434,0.9540987220354892,-0.37670131111400057,-0.1120360710493101
517,68,2,1,0.2030176994566552,1.814068520967733,-0.12156431899222883,-0.7201369432940286,-0.07723161981826211,0.23154449359054302
518,24,2,1,-1.9978725894850458,-0.7020273634870059,-1.048398784719617,0.10158619651474461,-0.8472172934512274,0.41729440908007004
519,43,2,1,-2.6527018273863754,-0.8898853487764289,-1.2485612916218658,-0.4903693008395888,-1.1817333525252776,0.14159284779817327
52,62,2,1,-1.7548516503531166,-1.334577523002401,-0.6506269661217196,-1.3689141152838757,-1.413324040463059,-0.9428080581258315
520,59,2,1,-0.5331842973243938,2.1052032799328764,-2.181230082906629,1.73307210873967,-0.28017625590076034,3.131064616044135
521,24,2,1,0.885674895393476,1.1775319282759174,1.0157698409029465,NA,1.2995118759623698,1.2112901292741403
522,62,2,1,0.6267017379676051,-0.38896073646329055,-0.6941595206163967,0.15835300490434648,1.1156993645995361,0.10114927768489021
523,23,1,3,0.49002348821381914,0.4083035190067357,1.5464809149243786,1.470298944558695,0.6838109265665304,0.7573290488067219
524,24,2,1,0.4654007680427599,0.4303779240968672,1.3386362867384602,1.0846963855195189,0.8584031425212197,0.6672560246967216
525,24,1,1,0.6042522692875406,NA,1.2573758838254325,NA,2.0166166425008916,NA
526,24,2,3,0.2552637043674025,0.5821435811957362,0.9069384546662544,0.5405394543360664,0.3290726623918405,0.47610890687222346
527,57,1,3,-0.6344646395423538,-0.7628817340106279,-0.770096779233566,-0.3021218184157966,0.3444513571757482,2.3294406576609252
528,50,1,1,-0.2899865381592319,NA,0.2995499524507294,0.19071856621404185,0.48394549017191457,-0.2659393566780404
529,41,1,1,NA,-0.2206631241847431,-0.588364552981968,0.5761312797506212,-0.880585477305612,1.0455893253874102
53,54,2,3,0.10979705409795565,-0.2637799479915682,-0.15527086748288757,-0.34028422408526,-0.3569810828513873,-1.5479746631424933
530,53,2,1,2.3070759734531707,0.7076994332573915,1.2947022834740893,-0.3849287774454985,0.692200361796463,0.11875900832296829
531,58,2,1,-0.01700188737204181,-0.413927452092162,0.24459783130600454,-0.1617060106443038,1.401261040012739,2.3569966291352316
532,24,1,3,-1.3220041477365734,-0.45810733040454626,-1.7100932475616601,0.5245778831650526,-1.1299589893793138,-0.32125964473720464
533,43,2,1,0.7094911914193505,0.055731437762681094,1.0078761163521823,0.289588967190025,-0.18188689005866987,-0.47595937901943697
534,59,1,1,2.1856833746011692,NA,0.9843125369082726,NA,0.7457046240465655,NA
535,59,1,1,1.1233237749090823,NA,0.1934711302549888,2.14155294389175,0.6574828773583361,1.9072909554415947
536,64,2,1,-1.292908461899721,-1.5730912134668646,-2.5819739305291294,-2.197436365826156,-1.6002157515137756,-2.1295462316431557
537,27,2,1,-0.5928266465717955,-0.289295332374056,-0.29049851021520673,-0.06558031199271147,-0.9952222399949575,0.48984382925691605
538,57,1,1,-1.2648758305684273,NA,0.28919538013688734,-0.18966271930455098,0.2121187371434034,NA
539,62,2,3,1.1170215532101078,-0.2838922046256113,0.7750641935789254,1.5949273032286595,0.6745906311583862,-0.26644133351606836
54,36,2,3,0.5403009149293748,0.026632537056277952,-0.40383275816006053,-0.9225956992216184,1.207415321020755,0.39871597637864664
540,23,1,1,-0.9926102388289832,0.29156070585375893,-1.134398899372763,0.8463323301350035,-0.16899929141969341,-0.036666671387348575
541,59,1,1,0.5396097091441995,-0.709538391592651,-0.08586276108584745,0.06650117964551731,1.1721097330396777,0.5986683795661827
542,44,2,1,-2.304987420006701,-0.13357109536133616,-1.5957097287137127,-0.2607113908769753,-2.1721002993809746,-0.52529436120068
543,65,1,1,NA,NA,0.7370446288827056,-1.2110371847540569,1.4054303200815976,0.3908802331669531
544,27,2,1,-2.0871346549298955,-1.4683977452191197,-1.7307005214140787,-2.303879155593982,-1.3039983534037627,-0.8628896199626127
545,57,2,1,-0.35304201343641833,-0.28299632554463283,1.0161886747209443,1.0379549519682831,-1.1372418806607658,-0.1668026670902357
546,35,2,1,0.08751797571202159,NA,0.5600268676063664,0.9627029966821183,-0.2430193904979128,0.1686820940471611
547,23,1,1,-0.17541054675814732,-1.65804427380095,-1.214208582613003,NA,-0.8012551426853426,NA
548,26,2,3,-1.3491408999868877,0.016750013902938423,-1.641119698415734,-1.057057925612159,-0.5047785243725638,-0.6665183933009854
549,63,1,1,0.004210921638783314,-0.2876461112436582,-0.008860508132471946,-0.5929222809360447,-0.18681652708032395,-0.7308506316577436
55,42,2,3,0.7236795048139034,-0.1168687498875281,0.5206505922960697,0.28122154257535054,-0.2501809034617331,-2.2351702039469092
550,26,2,1,-0.9055182100055768,-0.7771011155373027,-1.002642232493815,-0.9373434007518013,-1.2987742445666344,-1.7692902269038613
551,50,2,1,0.6101729976574795,0.3183159647750382,0.7218153655720554,0.28648982062529366,0.899019806132346,-0.38019552084698977
552,52,2,1,-0.13033478936478393,-0.8658145122285364,-0.23730454845425208,-0.016014063106315035,-0.5817908563457446,0.5503882261532085
553,32,2,1,NA,0.4452885114087174,-0.5279952784826721,-0.49897357548622057,0.6989812762398873,-0.7860847930119843
554,23,1,3,NA,0.8519262089880468,-0.04971274988041511,0.17157773546752392,2.63939297815563,1.1984377822478731
555,49,2,1,-0.09944413049642238,-0.08776984918112446,0.40146463374553365,0.027810207666230435,-0.08089892304909442,0.9777620372096657
556,29,1,1,-0.8792773368362409,0.34652220127001304,-1.3526451044018837,-0.2244264004148559,-1.4207447736296455,0.06432129562222752
557,26,1,1,-0.7666667087607963,1.54484099166814,-0.46356373385770755,1.041937109083179,-1.0668890848133783,-0.09644987124284739
558,24,2,3,-0.22338182955980168,-0.32845036139748046,-0.6239563783965238,1.432956821476927,-0.6413665511786902,2.049396722812326
559,24,2,3,0.8506520514475827,0.3603322362050812,1.0738132468958481,-0.8416191508699042,-0.6119593022826142,0.7848850202810284
56,65,2,1,1.7515649293137119,1.307942239332401,1.2572582896170508,0.6478025266915858,2.246909745035141,-0.07626291775491607
560,56,2,1,1.2721971214692114,0.4199745854524818,1.9002386172471295,0.40562091292991603,1.54404187771934,-0.10276406046095339
561,28,2,1,-0.5136207094439671,0.5137160463022268,0.49419946955452493,0.5703814399202105,-0.2946723753262447,0.7933958338285929
562,24,1,1,-0.7616386446022854,-0.6215472688187139,1.1557999233378544,-0.06673931538763322,-0.5712212603538563,NA
563,40,2,1,-0.6021605009715192,-2.0380971027531314,-0.845593446268243,-0.3703630597013591,-1.2983936460462375,-0.37206530581982217
564,49,2,3,1.7801151612664998,0.005624401341256397,-0.12092602019058059,0.29263324750884545,-0.8307837698990497,-0.3602677875618228
565,29,2,1,0.6863162339524363,1.1299389239337472,0.11802932946623063,0.9669141421124158,1.2439840828806525,1.0528369650561542
566,24,2,1,1.784594556671395,-0.6670045195411126,-1.084675913465179,-0.5949346754000724,-0.49433030669830735,-0.9501426645874955
567,25,2,3,0.07763545255868158,0.26442395360344434,1.1365963646288686,1.0495312556395169,0.5444029202752866,2.4264668496241946
568,52,2,1,0.38333358850831356,0.04477943036468083,1.623712156193155,0.4229391947150043,-0.05246037621636374,-0.43475461186536035
569,55,2,1,-0.6865681074215398,-0.34801394927790824,-0.12150945274631715,-0.7273375027972262,1.8727457244133114,-1.4796806497394295
57,50,2,3,-0.21870097572865463,1.6958811599801613,1.109980643149586,0.6129839793353671,0.7078726883078479,-0.703675258703833
570,55,2,1,-2.5661273991844626,0.0022144901810218286,-0.9595111267688334,0.6910982311543064,-0.7592030517855509,0.6817521441222066
571,49,1,1,-1.3498321057720637,-0.7194209147459899,-0.04982248237224062,0.6394429637934641,-0.4665659901134492,-0.1724935011526827
572,51,2,1,0.12901343165101983,-1.0267404185634486,-0.02438148772098959,0.0880776113902555,0.17331809934133885,-0.6059739964046931
573,24,2,3,-1.1806728974142102,0.8506520514475827,-0.03626689271839561,0.8235010585514583,0.6378487758006456,-0.7442919223149592
574,55,2,3,1.0528998085578107,1.7650309687909684,-0.8506797405321413,-0.48428074020195266,0.24064341068105669,0.4023832796094776
575,66,2,1,0.00958298125510618,-0.8893366800228136,0.2752600994778434,-2.51445110105599,0.4478434535373358,0.15377096457656872
576,52,2,1,1.072116186110875,0.6518420587601589,-0.8685265886270543,0.22704269948896041,-0.7435307252741663,0.197501239400288
577,23,2,1,-0.16249639090405799,-0.8045818632454297,-1.2780566946822267,0.49589490097582795,0.3784076445730829,-0.5626243201013705
578,66,2,1,0.6866912975423702,0.6049713283352863,0.4167409015855413,-0.2543859802073845,0.4478434535373358,-0.1550051488322358
579,43,2,1,0.6044226595816716,1.65510797795846,0.013882788723743853,-0.16750285500407555,-0.3436267589870921,-0.35833038343513013
58,43,2,3,0.6044226595816706,0.03238287513208575,-0.8350020239224437,-0.5339018553342634,-0.5347738768115904,NA
580,57,2,1,-0.7616418594718366,-0.5515047957964784,-0.21723370262821373,1.0198163875955,0.6713039264479501,0.803636546480295
581,44,2,1,-0.23863962719901544,1.4891540074650376,-0.34777649986633036,-0.32238250974443255,-1.466326325875134,-0.510590736752642
582,53,2,3,1.6416419384812049,-0.9850713574607687,0.6054368373083824,-1.1249822038549948,1.0597909729974215,-1.9544520388504385
583,52,2,1,NA,1.9243387221276034,0.04202934288658599,0.5281428680771382,-0.15538574735263255,0.917978837354167
584,55,2,1,-0.11452832297195485,-0.9317280150427913,0.8616007362584556,-0.07434918537708628,-0.27398344500028604,-1.9207893831805793
585,37,2,1,-0.3261099344819071,-0.3961556223736931,-1.2733718491880233,-0.04720489758797683,-0.8857234594378176,-0.16524586148393913
586,37,2,3,-0.20936712132893043,-0.5946184047337534,0.07613734014694028,0.649315974326841,1.2168948366316648,0.7169716053983615
587,57,2,1,0.032209269968404425,NA,-1.1241619212673026,NA,-0.5932077760833471,2.288702615732167
588,23,2,1,2.067291340317795,0.958234615364517,2.7015443287060887,-0.12807171344786694,2.6280621851229493,2.598654936226873
589,44,2,1,NA,0.6019086275024161,0.9690832735976248,0.6498445406366691,3.0476863796726374,1.1362152014276532
59,41,2,3,-1.258434286707443,-1.0249486604014908,0.22932156346599944,0.8061279105204576,-0.6566582791696789,-0.6860655280657556
590,31,2,1,0.12092266665963826,0.8213795455774971,0.9509995754707578,0.7369645158719319,-0.5750099419023198,-0.4573809463180129
591,34,2,3,-0.06173364930759276,-0.3652649635053315,0.2578147001526234,-0.48586643913142585,-0.07605541273236233,0.07098083174802054
592,33,2,1,NA,-0.32772808748018323,1.5372853460054536,-1.4084175081343018,0.4584991762341466,-0.12964580168738754
593,30,2,3,0.06506529216240522,-0.13339749019765434,0.9680261409779778,-0.8059254546800799,0.22420988712887838,-0.33452784189657786
594,29,2,1,-1.6835628730529881,0.27771638791701886,-1.0646050676391419,-1.2024581568722834,-1.9467024223436675,-2.314293033544626
595,32,2,3,-0.43028258723860696,1.2624882034795535,0.4043269302783111,0.3934437916546422,-0.8448992908041384,0.08142904942227702
596,31,2,1,0.6696138884786278,1.5918821123871438,0.5628342978932276,-0.14456971264526153,1.02768512293386,0.18957852939567407
597,35,2,1,-1.6636242215826276,-1.2083272502860187,-0.2743470935415942,0.2625544118927443,-1.3899020974449032,-0.6106100016988714
598,35,1,1,0.4832036658933512,-0.7776187161587966,0.5005327419406753,-0.6385691006700194,0.4005672538004173,-0.7904263264906892
599,26,2,1,-0.15836420582652574,-2.259734842580105,0.520997174819853,-2.0982115206098326,0.40684619140581363,-0.8723691355735225
6,59,2,3,1.1712607747090642,-0.29969867101844133,-9.746452982619243e-4,-0.7881883390769917,0.5726339620854642,0.013896233060006114
60,39,2,1,-0.4478808117933944,0.019090440818511724,-0.8031728906391286,-1.8406987727622464,-0.2933230747425018,-1.2049477905208792
600,22,2,3,-2.4831643405690365,NA,-1.790676208860236,-0.6152972375039804,-1.8954300360357321,-0.5426965868162044
601,28,2,3,-2.0896486870091513,0.688830266031692,-2.444247958836118,-2.2048189091153976,0.8963212049648603,-0.5887448642870118
602,23,2,1,-0.7345361753536436,0.9465603340492196,-1.4485591997863758,-1.923789586353258,-0.23914458224452737,1.2018106136632307
603,35,2,1,1.266620388557085,0.35602644596386773,1.318218858388642,0.43305691699689297,0.7568270719686951,-0.39005563497829576
604,33,2,3,NA,-0.3627509314260765,1.617095029245693,0.7609547908503949,0.07620494058514879,-2.055820604380411
605,36,2,1,-0.3469444650332469,-1.5610697218242036,NA,-2.4353519679116182,-0.6011304860879609,-1.9832711842035653
606,22,2,3,-1.1055991453639133,-0.7670449872202814,-1.2755409806732345,-1.5149700303939548,0.03074476665729122,-0.013366106686823509
607,35,1,1,0.6933407295687085,0.4598551032627553,0.6819183856684923,-0.8961367147635205,2.0032623186365965,0.3270491315602246
608,54,2,1,-1.244419578476572,-1.7230651124037761,-0.010162352500632795,1.0273635296224848,-1.5479746631424933,0.0841276505897627
609,54,2,1,0.15649417935914628,0.85695105827700635,-0.27498539234324515,1.6984904114154074,-0.20994483837100375,-0.16583396502688835
61,41,2,1,-0.13770328043886837,-0.8848572846179188,0.9730027027500513,-1.0294948040050547,-0.8036945236500624,-1.274210505987289
610,22,2,3,-0.19500520277069563,-0.3117480159236724,0.2807478425114387,-0.281547653044795,-0.5426965868162037,-0.10158785337505427
611,23,2,1,0.479589081437313,1.8921771205883295,1.272225456130887,1.6785292980811954,0.4813330157093517,0.5695547623975811
612,66,2,3,-0.8659881173922183,-2.360296125750319,-0.8384477530109572,-2.1661906650985783,-0.7137428778576932,-0.12559789993615908
613,30,1,1,-0.4381686789341855,-0.4148201163035901,-0.2922409461658652,-0.08908902519070998,-0.08793905769528425,0.23554068016155888
614,56,2,3,NA,-0.10536807373591199,-1.1724341875020954,-0.24373969161566963,-0.5879836672462189,-0.3380220516295664
615,68,1,1,-0.10175348927987499,NA,1.2337495764190551,0.22524539729239101,1.2427217490898301,0.7280948934084889
616,31,2,3,-1.4784538735361412,1.101562297144641,-0.7286314854488317,1.418974536288525,-2.633517364627688,1.2335358652063961
617,21,1,1,0.38998302053465106,0.4250058644805437,1.3411049962180983,NA,-0.4085126893620888,0.7677772664809783
618,22,1,3,-0.7215877364978819,NA,-1.8973306018951597,-0.37369119458149136,0.27733355085858474,-0.5313657937835239
619,42,2,3,-0.8873713166971738,0.42014819061616365,-0.7780706167951009,-0.2484245371098755,-0.7942150080391521,-2.1928784508138814e-4
62,39,2,1,1.641815543644887,0.8479644142046463,1.8704514979089004,0.5245700214484948,0.5741907676917601,0.42715452321137726
620,23,2,3,0.012617828825406763,-0.5010505490476902,0.5357997425959463,-0.4690767236561623,-0.16562646000433526,-0.6949569401337155
621,23,2,1,0.678051863797373,0.6313547385361823,0.09684648477462768,0.626492564459857,0.2607786489887773,0.12844602895643115
622,29,2,3,0.09092788687225613,-0.0024663636501257346,0.43726806242718913,1.1192780828437792,-0.2557856108192581,0.5823209827189271
623,23,2,1,-0.05742785906637924,-0.8746275511372157,-0.7375274763733329,-0.4074056047887044,1.0841816180789239,-1.0037330535425206
624,45,2,1,0.24916615596423106,-0.8248677250431535,-0.4663790258611265,-0.32489822375342814,1.3956563326552145,0.042922883435686676
625,35,2,1,NA,-0.4611732461069685,0.019497649297469544,0.5092388873625747,-0.06657589712145255,-0.31653751273810427
626,22,1,3,NA,-1.0367933320109193,NA,-1.447494205450171,NA,0.2626299264105467
627,36,2,1,-1.2692126889417628,-0.20685308924967488,1.1996163323938451,1.540621342602141,-0.5129087393997308,-0.5864268616399222
628,45,1,3,-1.082941788518494,-0.4992277227536104,0.3846827799868273,-0.8088347557422135,-0.66622392148551135,-1.5337377639197731
629,58,2,1,-1.1610814562712128,-0.2154646697321014,0.20106527681133057,0.8540535942314723,-0.7748753782969356,1.1660030488441253
63,39,1,3,-0.5191663742239717,0.2746847552162686,0.2329022718111973,-2.5241595128516265,0.08559832949113727,0.24733819841955818
630,59,2,1,0.5525238649982881,-0.4864871720632036,0.7136847909893366,0.0026530675762924147,0.17563610198842836,-0.03021464028410798
631,58,1,3,-0.5085615771533346,-0.8587900166122648,0.8779968646805768,-0.9032101567265896,-0.3077322273750663,-1.9692417900033987
632,32,2,1,-1.4459450616695033,-0.5120025564456904,0.509530603640445,-0.22689510989449374,-1.212489902005097,0.12553992276639242
633,56,1,1,1.189237277723336,0.13855195934654754,1.078924787924609,0.676248658848852,-0.444320254181194,0.5996370816295294
634,26,1,3,-0.35806686272537824,-1.1752665547962144,-2.0017139926696,-2.411645547494468,-2.0961427961760624,-2.6695841496495576
635,42,2,1,1.4474849463623574,-2.7786048897753943,2.3127407523269063,1.3006088603256856,1.13195979465387,-2.1763557061547565
636,22,1,1,-0.3947078596695471,0.5509089268695628,0.31920196445876975,0.6275575587960599,-0.5019585448874472,0.10089005748212516
637,30,2,1,NA,1.115750610539194,-0.6027735337049241,-0.25451309774751363,0.8417621139464897,-0.2904169685524631
638,32,2,1,-1.0490194969493831,0.4102656674628241,-0.24866138714183073,1.0246658318274453,-0.6243449240835627,1.640013240914342
639,33,2,1,0.057523195924639,-1.7052932826853073,-0.6284592401046877,-1.433811498256197,0.5320172984743381,-0.6442726573687296
64,62,2,3,-0.6574692067151368,-1.509691742731866,-0.8320126098495384,-1.089580223943038,-1.3986204160150209,-0.06059059124353138
640,52,2,1,-0.854140230913239,1.2238818432097445,-0.9301977074945161,1.3842831064724361,-0.008349502872249665,1.564938313067853
641,23,2,1,-0.3376106106335233,0.4328919561761223,-0.18974283231532166,0.757090227943882,0.4813330157093517,0.2607786489887773
642,25,2,1,0.6730237996388628,NA,NA,0.19339101724421734,NA,0.36795942689882644
643,41,2,1,0.2358737216506565,-1.1300171922391695,-2.1613412208666336,-2.959438053269032,0.6960751700498484,-1.6859119905323634
644,21,2,1,0.12271442482159611,-0.7528566738257283,0.6061300023559469,0.9979229928080341,1.3445914513698318,-0.36102898460261584
645,23,2,1,1.3785087427152332,2.907839595019226,-0.0917945847023036,1.8054992486906707,1.0988852425269617,1.8634737138249562
646,63,2,1,0.07549648406936003,0.5774905806271601,-0.3992027789117683,0.5294917169746572,-0.007000202288506827,1.3457332469310217
647,33,2,1,-1.2616705927039964,-2.078870284774832,-1.1472221811662442,-2.0178732710597687,0.4437955517861073,-0.2913856706158097
648,50,2,1,-1.7013347027714574,-0.7206950722864541,-2.151333231076574,-0.9396771309747508,-2.409295694676281,-0.3654918963989511
649,32,2,3,-1.4225964990389082,-2.6367217558298646,-0.6114326745974638,-1.3188366851359543,1.0224610140967316,-0.5214195529472946
65,42,2,3,0.11661687641842476,0.3617767840396755,-0.4842258739560396,-0.28470166585543755,-0.5148461435264234,-0.2501809034617331
650,21,2,3,NA,-2.2588389634991257,-0.15206198842632934,NA,0.5800029800718375,NA
651,29,2,1,0.24269354397112558,0.7446876405289244,0.3538306663123916,1.9028640637479515,-0.32930373305944965,0.5088028604787356
652,42,2,1,-0.3970515014546721,1.0972565069034277,-0.7744429039205453,0.9487207114937201,-1.000065750311689,-0.2501809034617331
653,21,2,3,0.764799897162967,1.628696714494994,-0.7832840285991329,-0.35884162227604144,0.5211884822796854,2.241512542700171
654,33,2,1,NA,-0.44447090063316,-2.0650335384290006,-1.6841236866005844,0.223241185065533,0.6349426696106055
655,21,2,1,-0.11077120148435671,-0.040725513592570685,0.06922849692160842,0.45013834875002545,0.8005573467924131,1.0505189624090647
656,30,2,1,-1.1490599646285515,1.582721863151101,-0.4395264543498873,2.118011122212342,0.07717364264849548,0.6065041227778762
657,43,1,1,0.34634859610633134,0.34634859610633134,1.5396991892391765,0.7996457628296829,0.32936713420731406,-0.9057373194279066
658,38,2,3,1.083964072589854,NA,-0.7389860577626763,0.9297618645332455,-0.7292076993465242,2.461478805877796
659,31,2,1,-0.3577228672675659,-0.14758580359220785,-1.3163209711269621,-1.0079653767896717,-1.4719310332326585,-1.1043404220317
66,62,2,1,0.27647329850867575,1.1987415224171907,-0.09921460918915213,1.8923997589422816,1.542104473592648,1.2039211112877657
660,21,2,3,1.7921366529091607,-1.1497822385458485,0.4138612200044601,0.41023350712990186,0.7270392245522217,-0.15517824233007882
661,46,2,1,-1.2710044471037198,-0.4071076297716939,0.31831895390861087,0.3654792212778405,-2.079623145918963,-0.5945570766670898
662,24,2,1,0.19689229779091336,0.16186945384502108,1.3930519798568064,1.044791543899398,-0.20025781773754026,-0.4649230578022307
663,24,2,1,-0.32845036139748046,0.045126640692044404,0.10158619651474461,-0.2793236553136684,-0.28847956442576983,-0.009110699913041961
664,29,2,3,-1.9170484993589414,-1.3333344335940587,-0.6764397900616103,-0.28827451248408015,-1.5350009377985943,-0.5351544753319866
665,23,1,1,0.4666749255832243,1.2021546484469763,-0.2601200966046829,1.473926657433253,0.05155507530088218,-0.3601464092441917
666,49,2,3,0.25078430896250714,0.1457157771248284,0.3143995247561831,0.7352142182047197,-0.669043900970628,-0.09560254749713246
667,25,2,1,-0.7162156768815594,-0.27259298690024797,0.008377660641842952,-0.5901949636599535,0.9855116537164366,1.485434884949741
668,27,1,3,-1.247826274767256,0.2581560149061423,-1.7140126767140853,0.8689188899700353,-0.3222283468005513,0.5011746222895953
669,21,2,3,1.8388337781703514,-1.920284805355494,-0.7977948800973593,-2.7821538224796827,-0.19928911567419355,-0.4051398579467306
67,65,2,3,0.47906826594626756,-0.5599427711152236,1.4676656363413196,-0.6908235240197075,-0.45855715340391323,0.6295110557509243
670,42,2,1,-0.29198296961699277,-0.8056513474900904,1.2244268899600006,-1.2968335578566608,-1.0735838725518811,-0.2501809034617331
671,39,1,1,-0.7876748444758179,1.6289013877907972,-1.083957501652756,-1.1927888878894468,-2.2081670844028447,1.1001484164057818
672,30,2,1,0.8472421402873486,0.9756592347556221,1.0587189628418863,0.844683903243062,3.3413782701130073,0.724133118362183
673,43,2,3,0.38261131459101594,-0.5513311906327971,-0.11671487476028387,-0.08769317176383436,-0.15247964116259316,-0.6524028723958972
674,30,1,1,1.814967614918262,1.9433847093865366,0.5675270051039888,0.6219426982223323,1.970568365030084,1.55886688048501
675,62,2,3,1.992592651857432,0.5916788940217118,-1.4487237985241157,0.027755341420318085,1.6450298447289156,-0.016479717899416626
676,31,2,3,-2.1205393458775124,0.085899822713745,0.2835004065523895,2.0175471605903232,-0.5897135663503584,1.0423887473818978
677,47,2,1,1.8201660693709043,3.349496921674897,-1.142537335672039,NA,1.0470247526760754,-0.04104345647876059
678,65,2,3,1.448033615115973,-0.2680857382327822,0.4156289027199793,-0.39697878118064367,0.01195882893331405,-0.9437767601891787
679,68,2,1,0.16799485551076299,NA,0.9885158206220133,0.6946710777829497,0.2756553669346583,0.4373952358630793
68,44,2,1,-0.2853367524602066,0.9171142230154524,-0.5618115594651542,-1.1821504610142897,2.356616030614834,-0.06948200331149128
680,47,2,1,NA,0.8045035949400079,0.5806262797422258,1.5927581717434505,0.2530290324820052,1.282282743844689
681,64,1,1,NA,-1.2474512111773224,0.5654301249129944,-0.8783995991604328,0.21966084862762109,-1.868253822993823
682,58,2,1,-1.32452139468538,0.43829508392456645,-0.11091803040051725,0.3606846432918079,-0.010286906998941709,1.107188551051972
683,56,1,1,NA,NA,0.600066688483171,-0.40480977776894145,NA,-2.2675696857379477
684,43,2,1,-1.9639192297838135,NA,-1.966848440784024,-1.390042093729565,-1.490509465934082,1.5090299214657397
685,62,1,1,-0.6236862373080353,-1.7444172435766108,-0.77179221065486725,1.7131911084162323,0.05366557292541732,0.8917721664636031
686,51,1,1,NA,-0.572683321805631,-1.4660342185926485,0.27526796119439945,-1.0504555612612012,-0.9769374390210092
687,54,2,1,-1.3261395476836553,-0.4739170116669267,-0.6740338085444446,0.211128132847305,-0.8716079385327296,1.892673457698479
688,47,1,1,0.8266122830318114,0.10280684148335655,0.4449501837108543,0.49936587682919775,0.16143445437841822,0.6760613100597596
689,25,2,3,0.4745610172788024,1.7237091180156514,-0.09319829984573327,0.7810805029223438,0.35325580245078836,1.014918902612514
69,65,2,3,-2.007553654212134,-0.8051026787364746,0.506321724583888,-2.1491640995913617,-0.03215204441080134,-0.4291499045078359
690,51,2,1,-0.6298148538433279,-2.1241228622014288,1.2489457312482903,-1.0582796569695496,0.6291304572305281,-0.7088993675409612
691,67,2,3,0.11213748101352942,0.9059886104537708,0.22195640522505947,0.08410331599191984,-0.9101141045193198,0.7513954581090125
692,51,2,1,-1.7738944227424986,NA,-1.1344616273352326,-0.5794215575281113,0.8055739506069883,2.231825522066707
693,35,2,1,0.7062548854227971,-0.25103618243161047,-0.7677160444812575,-0.48112672739130813,0.286311089631468,-0.36064838608221905
694,27,2,1,-0.11418111264459124,NA,0.2935632625883639,0.4422994904451718,-0.23063376869696295,0.6368800737372989
695,63,2,1,0.27395926642942015,-0.22803483012837886,0.5077254397273196,0.36987235049417744,-0.7568850491384621,0.08122154439972397
696,63,2,1,0.27395926642942015,0.1221936093305507,0.5077254397273196,-0.17065686781472003,-0.7568850491384621,1.4633622425153272
697,63,2,1,0.02879935880817033,-0.22803483012837886,0.9611895490468605,0.36987235049417744,-0.44810893572965677,0.08122154439972397
698,63,2,1,0.02879935880817033,0.1221936093305507,0.9611895490468605,-0.17065686781472003,-0.44810893572965677,1.4633622425153272
699,45,2,1,NA,1.1364115359268527,-0.6586478082126128,0.1648430143116789,-1.7950301725691056,-0.3099641033172332
7,53,1,1,0.4963224950432427,0.2628368687372894,-0.208621566265026,0.0779677508249233,0.8358637748614884,0.6447166570369901
70,67,1,1,-0.4844907406054421,-0.3794222087677634,-0.23658613664182918,0.6558312304990348,0.39513563994073464,0.733319002245617
700,36,2,1,-0.2885730584567588,-0.4636872781862242,0.8731221736837742,0.053259064034038676,-1.6156805730026067,-0.9246102239448049
701,35,2,1,0.16923794491910504,0.647883478846309,-1.6419948472493395,0.7595510757069632,NA,-0.1695012682577207
702,63,2,1,-0.1463148609212949,NA,0.7834316181936013,-0.5116618780230167,-0.13933282232085106,-0.6980705513463086
703,46,2,1,-0.15027344083514474,0.8887375962263463,-0.4217344725008873,0.0571236269405502,0.3317712635593249,0.4052893857995176
704,36,2,1,-0.6504757792309864,NA,-0.5852184018878787,-0.4255990354073982,-2.4831944154368686,-0.24824349933504103
705,24,2,1,-0.28175323613629033,0.4654007680427594,NA,0.3664092363573609,0.6378487758006456,0.990735762553566
706,66,1,3,1.0240055811472113,-0.20179395695904312,0.02349719146066365,-0.6258634130849188,0.09158363536905778,0.0474727620249424
707,51,2,3,-0.06944935070904025,1.109653062136023,-0.11507430958489767,-0.0751694679647774,1.4819406752167517,2.0112711553461313
708,32,2,1,0.43361423009341893,0.0016658214274065024,1.0718260991966788,-1.006853377924109,0.8313138962722334,-0.6831594218757161
709,41,1,3,0.36305094158013995,0.11789103395888906,0.2677756854133303,0.14443344767841512,0.9132567053550653,-1.0276217217859949
71,58,1,1,-1.1039499242335156,-1.3024127065935758,-0.547694295020067,-0.4352351959088206,-1.3516895631857888,-0.8223590830564086
710,41,2,3,0.2241994403353591,0.6561478490013725,-0.31846308059200923,0.22569385059144315,-0.4949184102412573,0.21085556326458318
711,61,2,1,3.2909519099347264,1.3413469302800183,0.3857869171358354,1.0278920959323077,1.4296995868454696,0.5474821199631684
712,44,1,3,-0.7885707235567975,-0.4967136906743559,-1.0892806459486117,1.4428629404917184,-0.2640019525513477,0.206514029785879
713,38,2,1,2.3214378920114056,-1.5310749420368215,0.7338653693072005,-1.141662186838431,0.976412736625923,-2.287791890838589
714,44,2,1,1.197296974582596,0.33340015725056954,0.35962751067215953,-0.9390936984190142,0.5333665990580809,-0.6282197323369482
715,37,2,1,0.25760413128297627,1.121500948615002,0.5114628850936987,-0.11250372932999164,0.3199737453013269,0.922822347670899
716,51,2,1,-1.1668317943470206,-0.3262835396455889,0.42545490872399794,1.3795433947323186,0.5115014616462212,-0.6647884941968458
717,46,2,1,-0.6522675373929439,-1.0258445394824691,0.39450092427429195,0.15144416167901714,-0.19755921657005457,0.3023640146632488
718,65,2,3,NA,NA,-1.0717333758481251,-3.4442575958079775,-0.09096654220295476,-0.9731840090852547
719,49,2,1,-0.15781553707291096,-0.27455835022588765,0.2237067028922743,0.5683394259751273,-0.6543402765225893,-0.34556416311378413
72,59,2,3,0.6692666781512642,0.10890117501697716,-0.28756396238821513,-0.516109873485266,-0.6036559937576035,-0.6771741159977956
720,27,2,1,-0.5461295213106048,-2.2389003120287647,0.17384873772800435,-0.7004300650400752,0.40162208256868537,-2.5391028070389834
721,34,2,1,-1.380927437936228,1.3625286711587212,-2.0856878168107764,-1.7700767967243742,-2.5903751933469192,2.452967992330232
722,22,2,1,-0.3117480159236724,0.2602917685259126,0.15377789190196534,1.4053388336239088,0.28070638227394357,1.4422927136689725
723,30,2,1,0.36859660636014463,1.8278817707723518,1.75161212188215,1.9547640428573039,0.3712461316092626,1.2240563495954864
724,30,2,1,-0.37855739781890563,-0.868877213061408,-1.4770523364730008,-1.3283161086161923,0.3565425071612246,0.062470018200457444
725,36,2,1,-1.2458641263111674,-0.3352701837179495,-0.9625005408417406,-0.7883703228630332,-1.9244566864114119,-0.8657957261526514
726,34,2,1,0.7087689175020528,0.4636090098808021,0.8781536017017615,0.7947162055869652,0.37975694515682573,-0.7524221373421262
727,36,2,1,0.3535124138846122,-1.269212688941762,0.1729735888943976,-0.4908978671494143,0.28108698079433975,1.07508270098841
728,37,2,1,NA,0.7712725091560726,0.4280254889789071,0.17408558775995897,0.2170483741650581,0.1288266274768273
729,42,2,1,0.5719138477150331,-0.5254685959229463,-0.128710012249516,-1.0501490823868296,-0.3236990257019252,-1.5440998548891076
73,59,2,1,-0.8016927675762405,-0.6265785478467751,0.1332507310603215,0.47788345414317307,-0.6918777404458336,-0.6036559937576035
730,24,2,1,NA,NA,1.2007831975053207,1.8066112475562315,1.2406973781702177,1.755324233851559
731,34,2,1,-0.19015074377586683,-0.12010505588408081,0.003874798933680515,0.32674124476919453,-0.42894239948528284,-0.35542427724509085
732,35,2,1,1.6168488280160145,-0.14596765059393174,1.321846571263199,1.691873284467946,0.021645849566777578,1.33026842544219
733,55,2,3,0.6326256812070957,-1.63218489396065,0.32832694369867027,0.15056901284541105,1.4022297420760854,-0.09753995162382517
734,33,2,1,0.5945401364283311,-0.2576823995883972,0.3147461072799637,-0.8025894580833919,1.1936803986360638,-0.3796074173040393
735,43,2,1,-0.7731425356234521,-2.465913326341613,0.25693955131901924,-0.7551923406822026,-0.5641811257076671,-1.3875840947978144
736,24,2,1,-0.6436559569105174,-1.1456500534683167,-1.1753687353290885,-1.810218488376449,0.5790342780084922,1.9464713516760572
737,48,1,1,1.5712522551316066,0.9291667827902357,1.342107262591834,-0.06544533273602901,1.1266495591118193,-0.27019476345182264
738,30,2,3,-0.09837464625176211,-0.4369288043953942,-0.18195884025638623,-1.0489822172753527,0.1506917648886869,-0.6727112042014597
739,32,2,3,-1.2007851540482526,-0.5820482443374764,0.3571666629090783,-0.87625571444008,-0.06560719505810586,-0.8890101641482532
74,58,1,1,-0.13498457506380976,0.658866554376431,-0.4243520572851524,-0.1921784333135458,-0.6459155896799482,0.633299737299387
740,43,2,3,0.2074970948615505,-1.4152280079648238,0.09369247196398248,-0.41418733047390643,0.2592218433824801,-1.4316949681419293
741,32,2,3,-0.943950965111704,-0.22014552356324943,-0.5969218230992426,-0.8327231599454047,-2.521112477880509,-0.5949376751874866
742,45,2,1,-0.579707817421903,-2.0856901070953007,-0.9234708480552253,-0.8182671746930934,-2.3243606526984864,-1.0745525746152271
743,44,2,1,-0.7756565677027082,-0.48379953482026666,-1.0080202430355854,-0.35865963848999916,-0.6723306056810635,-0.02537112996737654
744,26,1,1,0.015510139364147107,0.41243570408426683,0.03706064283106778,0.21119086080977403,-0.0376353734506946,-0.1552643690350015
745,30,2,1,-0.46027736702598904,-0.27348886598122685,-0.28716251361851813,1.2147106164478068,-0.5844894575132301,0.4447642538494541
746,35,2,1,-0.09927052533274058,0.4494206964862491,-1.6710165502457892,-0.32150736091082577,-0.9782006128998294,0.05105309846285429
747,34,2,1,0.07835772647597926,0.49863185382669545,0.42106177950766216,0.4500834825041104,0.6444221852215167,-0.14957353497255443
748,32,2,3,-0.39525974329271424,-0.2084712422479515,-0.04550946616667502,-2.6574627358472487,0.1696507961105078,0.6548704028957731
749,33,1,1,0.03293475875525236,0.8267858881954931,0.3423170906036246,-0.04222047409934671,0.4992372181629032,0.7786060826756321
75,35,2,1,0.42607213385565323,1.0564833248817267,0.4838448972406808,1.4016562545034381,0.27160746518342993,0.7127161986245799
750,37,2,1,-0.3144356531666092,0.5377868828501193,-0.3591882047998245,-0.1741748481974476,-1.5473865595995433,-0.15054223703590044
751,40,2,3,1.4291644478902736,NA,0.8340376146513458,0.8412930404004609,0.03963617872525114,1.8628856102820057
752,57,2,1,-1.7889786152180305,-0.5982019210576692,-3.242746240008209,-1.3236861293679,-0.15209904264219704,-0.4020606582588486
753,29,2,1,0.11427644950285097,NA,0.9124984489940711,-0.8288037307929802,-0.03523124409868313,-0.7704124665005998
754,36,2,1,-0.5687558100239024,NA,-2.014537274463081,-2.366425423295047,-1.5421624507624152,-0.05709638151054209
755,39,2,3,0.591130225268097,-0.5646236249463712,0.4266217738354716,0.25974698160588183,-0.45506294367092404,-1.337280410553224
756,26,2,1,0.3319556094159748,-0.018272830042954807,-0.197289974342305,0.12194875861865459,0.7156223048146186,-0.12248428872356656
757,26,2,1,-1.384163743932781,-1.0572838671044462,0.5609020164399714,-0.29161050908077,-0.048966166483375144,1.6419506450410337
758,29,2,1,-0.317671959163162,0.4411563263311857,-1.2605015628651859,0.2050944384555805,-2.328996657992665,0.273544869310122
759,33,2,1,-1.4017619684875684,NA,-1.1254559039189065,-1.6405911321059072,-1.364750255322608,-1.5558973731471073
76,61,2,1,-0.7950465504194532,NA,-1.3410044111529889,-0.3651496478973304,-0.34943897136716956,1.6061430802219299
760,49,2,1,1.0212868757721525,2.3171321017701922,0.7642359212011699,1.5840990308509049,0.8013185438332054,1.874683128540005
761,26,2,1,-0.029947111358252218,-0.9638896165820654,2.6178152163134203,-1.5903317181719436,-0.22540965985983474,-1.0635162533980207
762,30,2,1,-1.3008256217274203,0.14678526136948866,-0.45040959297355615,0.688692249637139,0.459467878297492,-0.8638583220259587
763,31,2,1,NA,-1.0348311835548303,0.9473718625962022,0.2617341293050506,0.8071307562132842,-1.266080290960122
764,37,2,1,-1.0382410947150642,0.10583847418410579,0.05074335002504444,-0.47527501678562656,-0.503429223788821,-0.47402197489274367
765,62,2,1,0.26479901719337834,-0.37728645514799264,-0.24432312417140817,-0.23343998554773934,0.08644565323685219,0.3658145177495799
766,42,2,1,0.023222625896042896,0.3384282214090807,-2.38877513309812,-0.7635597652968757,0.2497423277715703,0.11740970773922546
767,42,2,1,NA,0.5835881290303316,-0.23754139848620667,0.3465203743173653,NA,1.1907742924460234
768,21,2,1,-0.25086257726792927,-1.3132221769600159,0.5625974478612717,-1.0009468010725144,0.6094102289679149,-0.6256942246673056
769,57,2,1,0.9428032125616209,-0.13123066844576292,-0.4312687622270389,-0.20272285112998797,1.4211887732979052,0.5095640575195278
77,47,2,3,-0.1411131915991029,0.08069815339155306,0.007447645562323115,NA,-1.8495892635874773,-0.32041232099148964
770,30,2,3,-0.2384660220353336,0.15845954268478657,0.06472563521344664,-0.24000224624928723,1.0182056073229486,0.1506917648886869
771,58,1,1,0.42538092807047784,0.37868380280928715,0.46443759698115294,0.10892173527463182,-0.80765545860837,-0.3077322273750663
772,65,2,1,1.0627823317111502,0.46739398463097015,0.3104252293578429,0.5752482692004591,0.27662406899800374,0.24721682010192778
773,62,2,1,-1.2411832724800198,-0.8209091451293042,-0.9045668673406638,-0.041171203196253704,-1.1633624248464072,-0.6340319447170268
774,22,2,1,0.8790286782366886,0.015131860904661848,0.9119698826842443,0.4149732188700241,1.0452948535719366,0.22189188448179012
78,47,2,1,NA,-2.861220738063457,0.2831538240286056,0.18883328929014187,-0.58507756105618,-2.070143630308053
79,46,2,1,1.075526097271109,0.15325787336259414,-0.6357695320997125,-0.33466936351153553,0.21414226797501934,0.44940025914363174
8,54,2,1,0.9736938714299825,0.16816846067444471,0.05876419211593896,0.13494616248162133,0.5840508818230661,-0.9598296852209597
80,49,2,1,0.34417855948488857,1.0796582823486407,-0.1717140004343671,1.3374145553810723,-0.036788049704979044,0.30139531259990215
81,53,2,3,1.4198305934905489,-0.996745638776066,1.2185203131084086,-0.3413962229508233,1.2950489641660352,-1.0722345719681383
82,52,2,1,1.3406246563627207,0.7919334345437309,0.4229391947150056,1.2972179974830869,0.5503882261532085,1.9619361731648888
83,50,1,1,-0.2666379755286366,0.23535612102916292,1.6091543001655741,0.25238968508149917,0.6456853591003369,0.542759987964068
84,51,2,1,-0.02275222544784959,-1.5987802030130338,0.7229273644376174,0.015523353899130714,-0.5177522497164629,-0.9735646076056516
85,48,2,3,-0.1669757863089533,-1.3460781991540165,0.015815070176998958,-0.1510597220525921,0.10076867916449406,-0.44326542541292474
86,49,1,1,1.0550698451792537,0.4713557794143708,0.5052175874348801,0.2730439634632741,0.5479840968011963,0.06276449001593097
87,48,2,1,0.031486996051106796,0.8486866881219428,0.47290689237110095,0.9336264274397544,0.7918390282222956,0.4389520414693752
88,65,1,1,0.05755426405676124,0.23266848378622543,-0.5145163128392357,0.3525070641797295,-0.4178191114751554,-0.19726474475458042
89,58,2,1,NA,0.09974092578093534,0.4187280492847094,0.5420702870196252,0.5778580709225926,0.15145296192948052
9,55,1,1,NA,2.5109450984312267,0.9508428384495732,-0.2934626775232551,0.5166394437784269,2.178149006406759
90,55,2,3,0.30574580437876125,-1.2702821731864227,-0.18680828448833134,-0.4480036114563886,0.00538541951244299,-0.5239450606169378
91,40,1,1,NA,-1.0003259402304312,NA,-1.2388371563931175,NA,0.8449626919520021
92,47,2,3,-0.07106750370731636,-0.22283316080618631,0.5262105866238836,-0.6927009392270508,0.03247466576143019,-1.2320370367698672
93,51,1,1,-1.5766715149212303,NA,-1.7598789614317136,-0.4466469008423162,-2.167931019312115,-1.2268990546376608
94,50,2,1,NA,NA,NA,0.21393556313416756,NA,0.5902436927235409
95,50,2,1,0.481755903189205,-0.03191247468389141,1.2913662868774036,0.33002237511997146,0.9872415528205768,0.899019806132346
96,47,2,1,-0.23450744212148372,-1.0283585715617247,-0.22835369128383842,-0.33355736464597097,-0.34981956988756635,-0.49685581436794996
97,52,2,1,0.710213465336647,-1.7180370482452654,-0.7596952023903669,-1.5178871931726434,-0.6994198519300507,-0.9052705942025877
98,50,2,1,NA,-0.9775292612230023,-0.9034000022291868,-0.7909409031179404,-0.46841726753521923,-1.2477093632812517
99,57,1,3,NA,0.6263577425097934,1.6096828664753973,1.635076856597293,0.4767839772080943,0.9472999595453202
